<?xml version="1.0" encoding="UTF-8"?>
<!-- ================================================================================ -->
<!-- NDC AirShopping (Return/OpenJaw) Request -->
<!-- Generated: 2026-01-10T01:20:10.278Z -->
<!-- Workflow Step: Step 1: Flight Search (Combined Outbound + Return) -->
<!-- ================================================================================ -->
<!--  -->
<!-- SEARCH CRITERIA: -->
<!--   Route: VIZ → SIN -->
<!--   Departure: 2026-01-11 -->
<!--   Return: 2026-01-18 -->
<!--   Cabin: Economy -->
<!--   Passengers: 1 Adult -->
<!--  -->
<!-- CHANGES SINCE LAST STEP: -->
<!--   • Outbound: VIZ → SIN on 2026-01-11 -->
<!--   • Return: SIN → VIZ on 2026-01-18 -->
<!--  -->
<!-- ================================================================================ -->

<IATA_AirShoppingRQ xmlns:xsi="http://www.w3.org/2001/XMLSchema-instance"
   xmlns:xsd="http://www.w3.org/2001/XMLSchema"
   xmlns="http://www.iata.org/IATA/2015/EASD/00/IATA_OffersAndOrdersMessage">
  
<DistributionChain>
  <DistributionChainLink xmlns="http://www.iata.org/IATA/2015/EASD/00/IATA_OffersAndOrdersCommonTypes">
    <Ordinal>1</Ordinal>
    <OrgRole>Seller</OrgRole>
    <ParticipatingOrg>
      <Name>PARTNER_ORG</Name>
      <OrgID>55778878</OrgID>
    </ParticipatingOrg>
  </DistributionChainLink>
</DistributionChain>
  <PayloadAttributes>
    <VersionNumber xmlns="http://www.iata.org/IATA/2015/EASD/00/IATA_OffersAndOrdersCommonTypes">21.3</VersionNumber>
  </PayloadAttributes>
  <Request>
    <FlightRequest xmlns="http://www.iata.org/IATA/2015/EASD/00/IATA_OffersAndOrdersCommonTypes">
      <FlightRequestOriginDestinationsCriteria>
        
  <OriginDestCriteria>
    <CabinType>
      <PrefLevel>Required</PrefLevel>
      <CabinTypeCode>5</CabinTypeCode>
    </CabinType>
    <DestArrivalCriteria>
      <IATA_LocationCode>SIN</IATA_LocationCode>
    </DestArrivalCriteria>
    <OriginDepCriteria>
      <Date>2026-01-11</Date>
      <IATA_LocationCode>VIZ</IATA_LocationCode>
    </OriginDepCriteria>
  </OriginDestCriteria>
  <OriginDestCriteria>
    <CabinType>
      <PrefLevel>Required</PrefLevel>
      <CabinTypeCode>5</CabinTypeCode>
    </CabinType>
    <DestArrivalCriteria>
      <IATA_LocationCode>VIZ</IATA_LocationCode>
    </DestArrivalCriteria>
    <OriginDepCriteria>
      <Date>2026-01-18</Date>
      <IATA_LocationCode>SIN</IATA_LocationCode>
    </OriginDepCriteria>
  </OriginDestCriteria>
      </FlightRequestOriginDestinationsCriteria>
    </FlightRequest>
    <OfferCriteria xmlns="http://www.iata.org/IATA/2015/EASD/00/IATA_OffersAndOrdersCommonTypes">
      <ServiceCriteria>
        <IncludeInd>true</IncludeInd>
        <RFIC>G</RFIC>
        <RFISC>0L8</RFISC>
      </ServiceCriteria>
    </OfferCriteria>
    <PaxList xmlns="http://www.iata.org/IATA/2015/EASD/00/IATA_OffersAndOrdersCommonTypes">
      <Pax>
        <PaxID>ADT0</PaxID>
        <PTC>ADT</PTC>
      </Pax>
    </PaxList>
    <ResponseParameters xmlns="http://www.iata.org/IATA/2015/EASD/00/IATA_OffersAndOrdersCommonTypes">
      <CurParameter>
        <CurCode>AUD</CurCode>
      </CurParameter>
    </ResponseParameters>
  </Request>
</IATA_AirShoppingRQ>