<IATA_AirShoppingRS xmlns:xsi="http://www.w3.org/2001/XMLSchema-instance" xmlns:xsd="http://www.w3.org/2001/XMLSchema" xmlns="http://www.iata.org/IATA/2015/EASD/00/IATA_OffersAndOrdersMessage"><Response><DataLists xmlns="http://www.iata.org/IATA/2015/EASD/00/IATA_OffersAndOrdersCommonTypes"><BaggageAllowanceList><BaggageAllowance><ApplicablePartyText>Traveler</ApplicablePartyText><BaggageAllowanceID>bag0837549771</BaggageAllowanceID><TypeCode>Checked</TypeCode><WeightAllowance><MaximumWeightMeasure>20</MaximumWeightMeasure><WeightUnitOfMeasurement>KGM</WeightUnitOfMeasurement></WeightAllowance></BaggageAllowance></BaggageAllowanceList><DatedMarketingSegmentList><DatedMarketingSegment><Arrival><AircraftScheduledDateTime>2026-01-11T18:00:00</AircraftScheduledDateTime><IATA_LocationCode>SIN</IATA_LocationCode><TerminalName>4</TerminalName></Arrival><CarrierDesigCode>JQ</CarrierDesigCode><DatedMarketingSegmentId>Mkt-seg1010941169</DatedMarketingSegmentId><DatedOperatingSegmentRefId>Opr-seg1010941169</DatedOperatingSegmentRefId><Dep><AircraftScheduledDateTime>2026-01-11T13:10:00</AircraftScheduledDateTime><IATA_LocationCode>MEL</IATA_LocationCode><TerminalName>2</TerminalName></Dep><MarketingCarrierFlightNumberText>7</MarketingCarrierFlightNumberText></DatedMarketingSegment><DatedMarketingSegment><Arrival><AircraftScheduledDateTime>2026-01-11T18:00:00</AircraftScheduledDateTime><IATA_LocationCode>SIN</IATA_LocationCode><TerminalName>4</TerminalName></Arrival><CarrierDesigCode>JQ</CarrierDesigCode><DatedMarketingSegmentId>Mkt-seg1740642493</DatedMarketingSegmentId><DatedOperatingSegmentRefId>Opr-seg1740642493</DatedOperatingSegmentRefId><Dep><AircraftScheduledDateTime>2026-01-11T10:15:00</AircraftScheduledDateTime><IATA_LocationCode>MEL</IATA_LocationCode><TerminalName>2</TerminalName></Dep><MarketingCarrierFlightNumberText>43</MarketingCarrierFlightNumberText></DatedMarketingSegment><DatedMarketingSegment><Arrival><AircraftScheduledDateTime>2026-01-11T20:00:00</AircraftScheduledDateTime><IATA_LocationCode>SIN</IATA_LocationCode></Arrival><CarrierDesigCode>JQ</CarrierDesigCode><DatedMarketingSegmentId>Mkt-seg792301151</DatedMarketingSegmentId><DatedOperatingSegmentRefId>Opr-seg792301151</DatedOperatingSegmentRefId><Dep><AircraftScheduledDateTime>2026-01-11T10:00:00</AircraftScheduledDateTime><IATA_LocationCode>MEL</IATA_LocationCode></Dep><MarketingCarrierFlightNumberText>2</MarketingCarrierFlightNumberText></DatedMarketingSegment><DatedMarketingSegment><Arrival><AircraftScheduledDateTime>2026-01-11T13:45:00</AircraftScheduledDateTime><IATA_LocationCode>PER</IATA_LocationCode><TerminalName>2</TerminalName></Arrival><CarrierDesigCode>JQ</CarrierDesigCode><DatedMarketingSegmentId>Mkt-seg1270655720</DatedMarketingSegmentId><DatedOperatingSegmentRefId>Opr-seg1270655720</DatedOperatingSegmentRefId><Dep><AircraftScheduledDateTime>2026-01-11T12:35:00</AircraftScheduledDateTime><IATA_LocationCode>MEL</IATA_LocationCode><TerminalName>4</TerminalName></Dep><MarketingCarrierFlightNumberText>970</MarketingCarrierFlightNumberText></DatedMarketingSegment><DatedMarketingSegment><Arrival><AircraftScheduledDateTime>2026-01-12T04:55:00</AircraftScheduledDateTime><IATA_LocationCode>SIN</IATA_LocationCode><TerminalName>2</TerminalName></Arrival><CarrierDesigCode>JQ</CarrierDesigCode><DatedMarketingSegmentId>Mkt-seg628363440</DatedMarketingSegmentId><DatedOperatingSegmentRefId>Opr-seg628363440</DatedOperatingSegmentRefId><Dep><AircraftScheduledDateTime>2026-01-11T23:35:00</AircraftScheduledDateTime><IATA_LocationCode>PER</IATA_LocationCode><TerminalName>1</TerminalName></Dep><MarketingCarrierFlightNumberText>99</MarketingCarrierFlightNumberText></DatedMarketingSegment><DatedMarketingSegment><Arrival><AircraftScheduledDateTime>2026-01-11T18:30:00</AircraftScheduledDateTime><IATA_LocationCode>PER</IATA_LocationCode><TerminalName>2</TerminalName></Arrival><CarrierDesigCode>JQ</CarrierDesigCode><DatedMarketingSegmentId>Mkt-seg01475155996</DatedMarketingSegmentId><DatedOperatingSegmentRefId>Opr-seg01475155996</DatedOperatingSegmentRefId><Dep><AircraftScheduledDateTime>2026-01-11T17:20:00</AircraftScheduledDateTime><IATA_LocationCode>MEL</IATA_LocationCode><TerminalName>4</TerminalName></Dep><MarketingCarrierFlightNumberText>974</MarketingCarrierFlightNumberText></DatedMarketingSegment><DatedMarketingSegment><Arrival><AircraftScheduledDateTime>2026-01-11T10:00:00</AircraftScheduledDateTime><IATA_LocationCode>DPS</IATA_LocationCode><TerminalName>I</TerminalName></Arrival><CarrierDesigCode>JQ</CarrierDesigCode><DatedMarketingSegmentId>Mkt-seg426731521</DatedMarketingSegmentId><DatedOperatingSegmentRefId>Opr-seg426731521</DatedOperatingSegmentRefId><Dep><AircraftScheduledDateTime>2026-01-11T07:00:00</AircraftScheduledDateTime><IATA_LocationCode>MEL</IATA_LocationCode><TerminalName>2</TerminalName></Dep><MarketingCarrierFlightNumberText>31</MarketingCarrierFlightNumberText></DatedMarketingSegment><DatedMarketingSegment><Arrival><AircraftScheduledDateTime>2026-01-11T18:00:00</AircraftScheduledDateTime><IATA_LocationCode>SIN</IATA_LocationCode><TerminalName>4</TerminalName></Arrival><CarrierDesigCode>JQ</CarrierDesigCode><DatedMarketingSegmentId>Mkt-seg0798784792</DatedMarketingSegmentId><DatedOperatingSegmentRefId>Opr-seg0798784792</DatedOperatingSegmentRefId><Dep><AircraftScheduledDateTime>2026-01-11T15:20:00</AircraftScheduledDateTime><IATA_LocationCode>DPS</IATA_LocationCode><TerminalName>I</TerminalName></Dep><MarketingCarrierFlightNumberText>43</MarketingCarrierFlightNumberText></DatedMarketingSegment><DatedMarketingSegment><Arrival><AircraftScheduledDateTime>2026-01-11T22:20:00</AircraftScheduledDateTime><IATA_LocationCode>SYD</IATA_LocationCode><TerminalName>2</TerminalName></Arrival><CarrierDesigCode>JQ</CarrierDesigCode><DatedMarketingSegmentId>Mkt-seg934701929</DatedMarketingSegmentId><DatedOperatingSegmentRefId>Opr-seg934701929</DatedOperatingSegmentRefId><Dep><AircraftScheduledDateTime>2026-01-11T20:55:00</AircraftScheduledDateTime><IATA_LocationCode>AVV</IATA_LocationCode><TerminalName>D</TerminalName></Dep><MarketingCarrierFlightNumberText>612</MarketingCarrierFlightNumberText></DatedMarketingSegment><DatedMarketingSegment><Arrival><AircraftScheduledDateTime>2026-01-12T09:55:00</AircraftScheduledDateTime><IATA_LocationCode>DPS</IATA_LocationCode><TerminalName>I</TerminalName></Arrival><CarrierDesigCode>JQ</CarrierDesigCode><DatedMarketingSegmentId>Mkt-seg01372416016</DatedMarketingSegmentId><DatedOperatingSegmentRefId>Opr-seg01372416016</DatedOperatingSegmentRefId><Dep><AircraftScheduledDateTime>2026-01-12T06:35:00</AircraftScheduledDateTime><IATA_LocationCode>SYD</IATA_LocationCode><TerminalName>1</TerminalName></Dep><MarketingCarrierFlightNumberText>39</MarketingCarrierFlightNumberText></DatedMarketingSegment><DatedMarketingSegment><Arrival><AircraftScheduledDateTime>2026-01-12T18:00:00</AircraftScheduledDateTime><IATA_LocationCode>SIN</IATA_LocationCode><TerminalName>4</TerminalName></Arrival><CarrierDesigCode>JQ</CarrierDesigCode><DatedMarketingSegmentId>Mkt-seg1675402097</DatedMarketingSegmentId><DatedOperatingSegmentRefId>Opr-seg1675402097</DatedOperatingSegmentRefId><Dep><AircraftScheduledDateTime>2026-01-12T15:20:00</AircraftScheduledDateTime><IATA_LocationCode>DPS</IATA_LocationCode><TerminalName>I</TerminalName></Dep><MarketingCarrierFlightNumberText>43</MarketingCarrierFlightNumberText></DatedMarketingSegment><DatedMarketingSegment><Arrival><AircraftScheduledDateTime>2026-01-19T07:25:00</AircraftScheduledDateTime><IATA_LocationCode>MEL</IATA_LocationCode><TerminalName>2</TerminalName></Arrival><CarrierDesigCode>JQ</CarrierDesigCode><DatedMarketingSegmentId>Mkt-seg01854133298</DatedMarketingSegmentId><DatedOperatingSegmentRefId>Opr-seg01854133298</DatedOperatingSegmentRefId><Dep><AircraftScheduledDateTime>2026-01-18T21:00:00</AircraftScheduledDateTime><IATA_LocationCode>SIN</IATA_LocationCode><TerminalName>4</TerminalName></Dep><MarketingCarrierFlightNumberText>8</MarketingCarrierFlightNumberText></DatedMarketingSegment><DatedMarketingSegment><Arrival><AircraftScheduledDateTime>2026-01-18T22:00:00</AircraftScheduledDateTime><IATA_LocationCode>MEL</IATA_LocationCode></Arrival><CarrierDesigCode>JQ</CarrierDesigCode><DatedMarketingSegmentId>Mkt-seg34748140</DatedMarketingSegmentId><DatedOperatingSegmentRefId>Opr-seg34748140</DatedOperatingSegmentRefId><Dep><AircraftScheduledDateTime>2026-01-18T10:00:00</AircraftScheduledDateTime><IATA_LocationCode>SIN</IATA_LocationCode></Dep><MarketingCarrierFlightNumberText>3</MarketingCarrierFlightNumberText></DatedMarketingSegment></DatedMarketingSegmentList><DatedOperatingLegList><DatedOperatingLeg><Arrival><AircraftScheduledDateTime>2026-01-11T18:00:00</AircraftScheduledDateTime><IATA_LocationCode>SIN</IATA_LocationCode><TerminalName>4</TerminalName></Arrival><CarrierAircraftType><CarrierAircraftTypeCode>787-787</CarrierAircraftTypeCode></CarrierAircraftType><DatedOperatingLegID>seg1010941169-leg0</DatedOperatingLegID><Dep><AircraftScheduledDateTime>2026-01-11T13:10:00</AircraftScheduledDateTime><IATA_LocationCode>MEL</IATA_LocationCode><TerminalName>2</TerminalName></Dep></DatedOperatingLeg><DatedOperatingLeg><Arrival><AircraftScheduledDateTime>2026-01-11T13:25:00</AircraftScheduledDateTime><IATA_LocationCode>DPS</IATA_LocationCode><TerminalName>I</TerminalName></Arrival><CarrierAircraftType><CarrierAircraftTypeCode>32F</CarrierAircraftTypeCode></CarrierAircraftType><DatedOperatingLegID>seg1740642493-leg0</DatedOperatingLegID><Dep><AircraftScheduledDateTime>2026-01-11T10:15:00</AircraftScheduledDateTime><IATA_LocationCode>MEL</IATA_LocationCode><TerminalName>2</TerminalName></Dep></DatedOperatingLeg><DatedOperatingLeg><Arrival><AircraftScheduledDateTime>2026-01-11T18:00:00</AircraftScheduledDateTime><IATA_LocationCode>SIN</IATA_LocationCode><TerminalName>4</TerminalName></Arrival><CarrierAircraftType><CarrierAircraftTypeCode>32F</CarrierAircraftTypeCode></CarrierAircraftType><DatedOperatingLegID>seg1740642493-leg1</DatedOperatingLegID><Dep><AircraftScheduledDateTime>2026-01-11T15:20:00</AircraftScheduledDateTime><IATA_LocationCode>DPS</IATA_LocationCode><TerminalName>I</TerminalName></Dep></DatedOperatingLeg><DatedOperatingLeg><Arrival><AircraftScheduledDateTime>2026-01-11T11:00:00</AircraftScheduledDateTime><IATA_LocationCode>SYD</IATA_LocationCode></Arrival><CarrierAircraftType><CarrierAircraftTypeCode>788-787</CarrierAircraftTypeCode></CarrierAircraftType><DatedOperatingLegID>seg792301151-leg0</DatedOperatingLegID><Dep><AircraftScheduledDateTime>2026-01-11T10:00:00</AircraftScheduledDateTime><IATA_LocationCode>MEL</IATA_LocationCode></Dep></DatedOperatingLeg><DatedOperatingLeg><Arrival><AircraftScheduledDateTime>2026-01-11T20:00:00</AircraftScheduledDateTime><IATA_LocationCode>SIN</IATA_LocationCode></Arrival><CarrierAircraftType><CarrierAircraftTypeCode>788-787</CarrierAircraftTypeCode></CarrierAircraftType><DatedOperatingLegID>seg792301151-leg1</DatedOperatingLegID><Dep><AircraftScheduledDateTime>2026-01-11T12:00:00</AircraftScheduledDateTime><IATA_LocationCode>SYD</IATA_LocationCode></Dep></DatedOperatingLeg><DatedOperatingLeg><Arrival><AircraftScheduledDateTime>2026-01-11T13:45:00</AircraftScheduledDateTime><IATA_LocationCode>PER</IATA_LocationCode><TerminalName>2</TerminalName></Arrival><CarrierAircraftType><CarrierAircraftTypeCode>32F</CarrierAircraftTypeCode></CarrierAircraftType><DatedOperatingLegID>seg1270655720-leg0</DatedOperatingLegID><Dep><AircraftScheduledDateTime>2026-01-11T12:35:00</AircraftScheduledDateTime><IATA_LocationCode>MEL</IATA_LocationCode><TerminalName>4</TerminalName></Dep></DatedOperatingLeg><DatedOperatingLeg><Arrival><AircraftScheduledDateTime>2026-01-12T04:55:00</AircraftScheduledDateTime><IATA_LocationCode>SIN</IATA_LocationCode><TerminalName>2</TerminalName></Arrival><CarrierAircraftType><CarrierAircraftTypeCode>32F</CarrierAircraftTypeCode></CarrierAircraftType><DatedOperatingLegID>seg628363440-leg0</DatedOperatingLegID><Dep><AircraftScheduledDateTime>2026-01-11T23:35:00</AircraftScheduledDateTime><IATA_LocationCode>PER</IATA_LocationCode><TerminalName>1</TerminalName></Dep></DatedOperatingLeg><DatedOperatingLeg><Arrival><AircraftScheduledDateTime>2026-01-11T18:30:00</AircraftScheduledDateTime><IATA_LocationCode>PER</IATA_LocationCode><TerminalName>2</TerminalName></Arrival><CarrierAircraftType><CarrierAircraftTypeCode>32F</CarrierAircraftTypeCode></CarrierAircraftType><DatedOperatingLegID>seg01475155996-leg0</DatedOperatingLegID><Dep><AircraftScheduledDateTime>2026-01-11T17:20:00</AircraftScheduledDateTime><IATA_LocationCode>MEL</IATA_LocationCode><TerminalName>4</TerminalName></Dep></DatedOperatingLeg><DatedOperatingLeg><Arrival><AircraftScheduledDateTime>2026-01-11T10:00:00</AircraftScheduledDateTime><IATA_LocationCode>DPS</IATA_LocationCode><TerminalName>I</TerminalName></Arrival><CarrierAircraftType><CarrierAircraftTypeCode>32F</CarrierAircraftTypeCode></CarrierAircraftType><DatedOperatingLegID>seg426731521-leg0</DatedOperatingLegID><Dep><AircraftScheduledDateTime>2026-01-11T07:00:00</AircraftScheduledDateTime><IATA_LocationCode>MEL</IATA_LocationCode><TerminalName>2</TerminalName></Dep></DatedOperatingLeg><DatedOperatingLeg><Arrival><AircraftScheduledDateTime>2026-01-11T18:00:00</AircraftScheduledDateTime><IATA_LocationCode>SIN</IATA_LocationCode><TerminalName>4</TerminalName></Arrival><CarrierAircraftType><CarrierAircraftTypeCode>32F</CarrierAircraftTypeCode></CarrierAircraftType><DatedOperatingLegID>seg0798784792-leg0</DatedOperatingLegID><Dep><AircraftScheduledDateTime>2026-01-11T15:20:00</AircraftScheduledDateTime><IATA_LocationCode>DPS</IATA_LocationCode><TerminalName>I</TerminalName></Dep></DatedOperatingLeg><DatedOperatingLeg><Arrival><AircraftScheduledDateTime>2026-01-11T22:20:00</AircraftScheduledDateTime><IATA_LocationCode>SYD</IATA_LocationCode><TerminalName>2</TerminalName></Arrival><CarrierAircraftType><CarrierAircraftTypeCode>32T</CarrierAircraftTypeCode></CarrierAircraftType><DatedOperatingLegID>seg934701929-leg0</DatedOperatingLegID><Dep><AircraftScheduledDateTime>2026-01-11T20:55:00</AircraftScheduledDateTime><IATA_LocationCode>AVV</IATA_LocationCode><TerminalName>D</TerminalName></Dep></DatedOperatingLeg><DatedOperatingLeg><Arrival><AircraftScheduledDateTime>2026-01-12T09:55:00</AircraftScheduledDateTime><IATA_LocationCode>DPS</IATA_LocationCode><TerminalName>I</TerminalName></Arrival><CarrierAircraftType><CarrierAircraftTypeCode>32F</CarrierAircraftTypeCode></CarrierAircraftType><DatedOperatingLegID>seg01372416016-leg0</DatedOperatingLegID><Dep><AircraftScheduledDateTime>2026-01-12T06:35:00</AircraftScheduledDateTime><IATA_LocationCode>SYD</IATA_LocationCode><TerminalName>1</TerminalName></Dep></DatedOperatingLeg><DatedOperatingLeg><Arrival><AircraftScheduledDateTime>2026-01-12T18:00:00</AircraftScheduledDateTime><IATA_LocationCode>SIN</IATA_LocationCode><TerminalName>4</TerminalName></Arrival><CarrierAircraftType><CarrierAircraftTypeCode>32F</CarrierAircraftTypeCode></CarrierAircraftType><DatedOperatingLegID>seg1675402097-leg0</DatedOperatingLegID><Dep><AircraftScheduledDateTime>2026-01-12T15:20:00</AircraftScheduledDateTime><IATA_LocationCode>DPS</IATA_LocationCode><TerminalName>I</TerminalName></Dep></DatedOperatingLeg><DatedOperatingLeg><Arrival><AircraftScheduledDateTime>2026-01-19T07:25:00</AircraftScheduledDateTime><IATA_LocationCode>MEL</IATA_LocationCode><TerminalName>2</TerminalName></Arrival><CarrierAircraftType><CarrierAircraftTypeCode>787-787</CarrierAircraftTypeCode></CarrierAircraftType><DatedOperatingLegID>seg01854133298-leg0</DatedOperatingLegID><Dep><AircraftScheduledDateTime>2026-01-18T21:00:00</AircraftScheduledDateTime><IATA_LocationCode>SIN</IATA_LocationCode><TerminalName>4</TerminalName></Dep></DatedOperatingLeg><DatedOperatingLeg><Arrival><AircraftScheduledDateTime>2026-01-18T20:00:00</AircraftScheduledDateTime><IATA_LocationCode>SYD</IATA_LocationCode></Arrival><CarrierAircraftType><CarrierAircraftTypeCode>788-787</CarrierAircraftTypeCode></CarrierAircraftType><DatedOperatingLegID>seg34748140-leg0</DatedOperatingLegID><Dep><AircraftScheduledDateTime>2026-01-18T10:00:00</AircraftScheduledDateTime><IATA_LocationCode>SIN</IATA_LocationCode></Dep></DatedOperatingLeg><DatedOperatingLeg><Arrival><AircraftScheduledDateTime>2026-01-18T22:00:00</AircraftScheduledDateTime><IATA_LocationCode>MEL</IATA_LocationCode></Arrival><CarrierAircraftType><CarrierAircraftTypeCode>788-787</CarrierAircraftTypeCode></CarrierAircraftType><DatedOperatingLegID>seg34748140-leg1</DatedOperatingLegID><Dep><AircraftScheduledDateTime>2026-01-18T21:00:00</AircraftScheduledDateTime><IATA_LocationCode>SYD</IATA_LocationCode></Dep></DatedOperatingLeg></DatedOperatingLegList><DatedOperatingSegmentList><DatedOperatingSegment><CarrierDesigCode>JQ</CarrierDesigCode><DatedOperatingLegRefID>seg1010941169-leg0</DatedOperatingLegRefID><DatedOperatingSegmentId>Opr-seg1010941169</DatedOperatingSegmentId><Duration>PT7H50M</Duration><OperatingCarrierFlightNumberText>7</OperatingCarrierFlightNumberText></DatedOperatingSegment><DatedOperatingSegment><CarrierDesigCode>JQ</CarrierDesigCode><DatedOperatingLegRefID>seg1740642493-leg0</DatedOperatingLegRefID><DatedOperatingLegRefID>seg1740642493-leg1</DatedOperatingLegRefID><DatedOperatingSegmentId>Opr-seg1740642493</DatedOperatingSegmentId><Duration>PT10H45M</Duration><OperatingCarrierFlightNumberText>43</OperatingCarrierFlightNumberText></DatedOperatingSegment><DatedOperatingSegment><CarrierDesigCode>JQ</CarrierDesigCode><DatedOperatingLegRefID>seg792301151-leg0</DatedOperatingLegRefID><DatedOperatingLegRefID>seg792301151-leg1</DatedOperatingLegRefID><DatedOperatingSegmentId>Opr-seg792301151</DatedOperatingSegmentId><Duration>PT13H</Duration><OperatingCarrierFlightNumberText>2</OperatingCarrierFlightNumberText></DatedOperatingSegment><DatedOperatingSegment><CarrierDesigCode>JQ</CarrierDesigCode><DatedOperatingLegRefID>seg1270655720-leg0</DatedOperatingLegRefID><DatedOperatingSegmentId>Opr-seg1270655720</DatedOperatingSegmentId><Duration>PT4H10M</Duration><OperatingCarrierFlightNumberText>970</OperatingCarrierFlightNumberText></DatedOperatingSegment><DatedOperatingSegment><CarrierDesigCode>JQ</CarrierDesigCode><DatedOperatingLegRefID>seg628363440-leg0</DatedOperatingLegRefID><DatedOperatingSegmentId>Opr-seg628363440</DatedOperatingSegmentId><Duration>PT5H20M</Duration><OperatingCarrierFlightNumberText>99</OperatingCarrierFlightNumberText></DatedOperatingSegment><DatedOperatingSegment><CarrierDesigCode>JQ</CarrierDesigCode><DatedOperatingLegRefID>seg01475155996-leg0</DatedOperatingLegRefID><DatedOperatingSegmentId>Opr-seg01475155996</DatedOperatingSegmentId><Duration>PT4H10M</Duration><OperatingCarrierFlightNumberText>974</OperatingCarrierFlightNumberText></DatedOperatingSegment><DatedOperatingSegment><CarrierDesigCode>JQ</CarrierDesigCode><DatedOperatingLegRefID>seg426731521-leg0</DatedOperatingLegRefID><DatedOperatingSegmentId>Opr-seg426731521</DatedOperatingSegmentId><Duration>PT6H</Duration><OperatingCarrierFlightNumberText>31</OperatingCarrierFlightNumberText></DatedOperatingSegment><DatedOperatingSegment><CarrierDesigCode>JQ</CarrierDesigCode><DatedOperatingLegRefID>seg0798784792-leg0</DatedOperatingLegRefID><DatedOperatingSegmentId>Opr-seg0798784792</DatedOperatingSegmentId><Duration>PT2H40M</Duration><OperatingCarrierFlightNumberText>43</OperatingCarrierFlightNumberText></DatedOperatingSegment><DatedOperatingSegment><CarrierDesigCode>JQ</CarrierDesigCode><DatedOperatingLegRefID>seg934701929-leg0</DatedOperatingLegRefID><DatedOperatingSegmentId>Opr-seg934701929</DatedOperatingSegmentId><Duration>PT1H25M</Duration><OperatingCarrierFlightNumberText>612</OperatingCarrierFlightNumberText></DatedOperatingSegment><DatedOperatingSegment><CarrierDesigCode>JQ</CarrierDesigCode><DatedOperatingLegRefID>seg01372416016-leg0</DatedOperatingLegRefID><DatedOperatingSegmentId>Opr-seg01372416016</DatedOperatingSegmentId><Duration>PT6H20M</Duration><OperatingCarrierFlightNumberText>39</OperatingCarrierFlightNumberText></DatedOperatingSegment><DatedOperatingSegment><CarrierDesigCode>JQ</CarrierDesigCode><DatedOperatingLegRefID>seg1675402097-leg0</DatedOperatingLegRefID><DatedOperatingSegmentId>Opr-seg1675402097</DatedOperatingSegmentId><Duration>PT2H40M</Duration><OperatingCarrierFlightNumberText>43</OperatingCarrierFlightNumberText></DatedOperatingSegment><DatedOperatingSegment><CarrierDesigCode>JQ</CarrierDesigCode><DatedOperatingLegRefID>seg01854133298-leg0</DatedOperatingLegRefID><DatedOperatingSegmentId>Opr-seg01854133298</DatedOperatingSegmentId><Duration>PT7H25M</Duration><OperatingCarrierFlightNumberText>8</OperatingCarrierFlightNumberText></DatedOperatingSegment><DatedOperatingSegment><CarrierDesigCode>JQ</CarrierDesigCode><DatedOperatingLegRefID>seg34748140-leg0</DatedOperatingLegRefID><DatedOperatingLegRefID>seg34748140-leg1</DatedOperatingLegRefID><DatedOperatingSegmentId>Opr-seg34748140</DatedOperatingSegmentId><Duration>PT9H</Duration><OperatingCarrierFlightNumberText>3</OperatingCarrierFlightNumberText></DatedOperatingSegment></DatedOperatingSegmentList><PaxJourneyList><PaxJourney><Duration>PT7H50M</Duration><PaxJourneyID>fl1010941169</PaxJourneyID><PaxSegmentRefID>seg1010941169</PaxSegmentRefID></PaxJourney><PaxJourney><Duration>PT10H45M</Duration><PaxJourneyID>fl1740642493</PaxJourneyID><PaxSegmentRefID>seg1740642493</PaxSegmentRefID></PaxJourney><PaxJourney><Duration>PT13H</Duration><PaxJourneyID>fl792301151</PaxJourneyID><PaxSegmentRefID>seg792301151</PaxSegmentRefID></PaxJourney><PaxJourney><Duration>PT19H20M</Duration><PaxJourneyID>fl1457592696</PaxJourneyID><PaxSegmentRefID>seg1270655720</PaxSegmentRefID><PaxSegmentRefID>seg628363440</PaxSegmentRefID></PaxJourney><PaxJourney><Duration>PT14H35M</Duration><PaxJourneyID>fl02145022940</PaxJourneyID><PaxSegmentRefID>seg01475155996</PaxSegmentRefID><PaxSegmentRefID>seg628363440</PaxSegmentRefID></PaxJourney><PaxJourney><Duration>PT14H</Duration><PaxJourneyID>fl01582838939</PaxJourneyID><PaxSegmentRefID>seg426731521</PaxSegmentRefID><PaxSegmentRefID>seg0798784792</PaxSegmentRefID></PaxJourney><PaxJourney><Duration>P1DT5M</Duration><PaxJourneyID>fl2033916944</PaxJourneyID><PaxSegmentRefID>seg934701929</PaxSegmentRefID><PaxSegmentRefID>seg01372416016</PaxSegmentRefID><PaxSegmentRefID>seg1675402097</PaxSegmentRefID></PaxJourney><PaxJourney><Duration>PT7H25M</Duration><PaxJourneyID>fl01854133298</PaxJourneyID><PaxSegmentRefID>seg01854133298</PaxSegmentRefID></PaxJourney><PaxJourney><Duration>PT9H</Duration><PaxJourneyID>fl34748140</PaxJourneyID><PaxSegmentRefID>seg34748140</PaxSegmentRefID></PaxJourney></PaxJourneyList><PaxList><Pax><PaxID>ADT0</PaxID><PTC>ADT</PTC></Pax></PaxList><PaxSegmentList><PaxSegment><CabinTypeAssociationChoice><SegmentCabinType><CabinTypeCode>5</CabinTypeCode><CabinTypeName>Economy</CabinTypeName></SegmentCabinType></CabinTypeAssociationChoice><DatedMarketingSegmentRefId>Mkt-seg1010941169</DatedMarketingSegmentRefId><PaxSegmentID>seg1010941169</PaxSegmentID></PaxSegment><PaxSegment><CabinTypeAssociationChoice><SegmentCabinType><CabinTypeCode>5</CabinTypeCode><CabinTypeName>Economy</CabinTypeName></SegmentCabinType></CabinTypeAssociationChoice><DatedMarketingSegmentRefId>Mkt-seg1740642493</DatedMarketingSegmentRefId><PaxSegmentID>seg1740642493</PaxSegmentID></PaxSegment><PaxSegment><CabinTypeAssociationChoice><SegmentCabinType><CabinTypeCode>5</CabinTypeCode><CabinTypeName>Economy</CabinTypeName></SegmentCabinType></CabinTypeAssociationChoice><DatedMarketingSegmentRefId>Mkt-seg792301151</DatedMarketingSegmentRefId><PaxSegmentID>seg792301151</PaxSegmentID></PaxSegment><PaxSegment><CabinTypeAssociationChoice><SegmentCabinType><CabinTypeCode>5</CabinTypeCode><CabinTypeName>Economy</CabinTypeName></SegmentCabinType></CabinTypeAssociationChoice><DatedMarketingSegmentRefId>Mkt-seg1270655720</DatedMarketingSegmentRefId><PaxSegmentID>seg1270655720</PaxSegmentID></PaxSegment><PaxSegment><CabinTypeAssociationChoice><SegmentCabinType><CabinTypeCode>5</CabinTypeCode><CabinTypeName>Economy</CabinTypeName></SegmentCabinType></CabinTypeAssociationChoice><DatedMarketingSegmentRefId>Mkt-seg628363440</DatedMarketingSegmentRefId><PaxSegmentID>seg628363440</PaxSegmentID></PaxSegment><PaxSegment><CabinTypeAssociationChoice><SegmentCabinType><CabinTypeCode>5</CabinTypeCode><CabinTypeName>Economy</CabinTypeName></SegmentCabinType></CabinTypeAssociationChoice><DatedMarketingSegmentRefId>Mkt-seg01475155996</DatedMarketingSegmentRefId><PaxSegmentID>seg01475155996</PaxSegmentID></PaxSegment><PaxSegment><CabinTypeAssociationChoice><SegmentCabinType><CabinTypeCode>5</CabinTypeCode><CabinTypeName>Economy</CabinTypeName></SegmentCabinType></CabinTypeAssociationChoice><DatedMarketingSegmentRefId>Mkt-seg426731521</DatedMarketingSegmentRefId><PaxSegmentID>seg426731521</PaxSegmentID></PaxSegment><PaxSegment><CabinTypeAssociationChoice><SegmentCabinType><CabinTypeCode>5</CabinTypeCode><CabinTypeName>Economy</CabinTypeName></SegmentCabinType></CabinTypeAssociationChoice><DatedMarketingSegmentRefId>Mkt-seg0798784792</DatedMarketingSegmentRefId><PaxSegmentID>seg0798784792</PaxSegmentID></PaxSegment><PaxSegment><CabinTypeAssociationChoice><SegmentCabinType><CabinTypeCode>5</CabinTypeCode><CabinTypeName>Economy</CabinTypeName></SegmentCabinType></CabinTypeAssociationChoice><DatedMarketingSegmentRefId>Mkt-seg934701929</DatedMarketingSegmentRefId><PaxSegmentID>seg934701929</PaxSegmentID></PaxSegment><PaxSegment><CabinTypeAssociationChoice><SegmentCabinType><CabinTypeCode>5</CabinTypeCode><CabinTypeName>Economy</CabinTypeName></SegmentCabinType></CabinTypeAssociationChoice><DatedMarketingSegmentRefId>Mkt-seg01372416016</DatedMarketingSegmentRefId><PaxSegmentID>seg01372416016</PaxSegmentID></PaxSegment><PaxSegment><CabinTypeAssociationChoice><SegmentCabinType><CabinTypeCode>5</CabinTypeCode><CabinTypeName>Economy</CabinTypeName></SegmentCabinType></CabinTypeAssociationChoice><DatedMarketingSegmentRefId>Mkt-seg1675402097</DatedMarketingSegmentRefId><PaxSegmentID>seg1675402097</PaxSegmentID></PaxSegment><PaxSegment><CabinTypeAssociationChoice><SegmentCabinType><CabinTypeCode>5</CabinTypeCode><CabinTypeName>Economy</CabinTypeName></SegmentCabinType></CabinTypeAssociationChoice><DatedMarketingSegmentRefId>Mkt-seg01854133298</DatedMarketingSegmentRefId><PaxSegmentID>seg01854133298</PaxSegmentID></PaxSegment><PaxSegment><CabinTypeAssociationChoice><SegmentCabinType><CabinTypeCode>5</CabinTypeCode><CabinTypeName>Economy</CabinTypeName></SegmentCabinType></CabinTypeAssociationChoice><DatedMarketingSegmentRefId>Mkt-seg34748140</DatedMarketingSegmentRefId><PaxSegmentID>seg34748140</PaxSegmentID></PaxSegment></PaxSegmentList><PriceClassList><PriceClass><Code>S3</Code><Desc><DescText>Starter</DescText></Desc><FareBasisCode>ELECOE5</FareBasisCode><Name>Starter</Name><PriceClassID>pc1428475225</PriceClassID></PriceClass><PriceClass><Code>S3</Code><Desc><DescText>Starter</DescText></Desc><FareBasisCode>MLECOM</FareBasisCode><Name>Starter</Name><PriceClassID>pc0738722541</PriceClassID></PriceClass><PriceClass><Code>S3</Code><Desc><DescText>Starter</DescText></Desc><FareBasisCode>ELECOE4</FareBasisCode><Name>Starter</Name><PriceClassID>pc821472179</PriceClassID></PriceClass><PriceClass><Code>S3</Code><Desc><DescText>Starter</DescText></Desc><FareBasisCode>HLECOH</FareBasisCode><Name>Starter</Name><PriceClassID>pc2042014924</PriceClassID></PriceClass></PriceClassList><ServiceDefinitionList><ServiceDefinition><Desc><DescText>Flex 2 (F202) JQLHI</DescText></Desc><Desc><DescText>Chargeable</DescText><MarkupStyleText>FreeOrChargeable</MarkupStyleText></Desc><Name>FLEX 2</Name><OwnerCode>JQ</OwnerCode><RFIC>G</RFIC><RFISC>0L8</RFISC><ServiceCode>F202</ServiceCode><ServiceDefinitionAssociation><ServiceBundle><MaximumServiceQty>1</MaximumServiceQty><ServiceDefinitionRefID>def001087402306</ServiceDefinitionRefID><ServiceDefinitionRefID>def001121510760</ServiceDefinitionRefID><ServiceDefinitionRefID>def001376101901</ServiceDefinitionRefID><ServiceDefinitionRefID>def001834895168</ServiceDefinitionRefID><ServiceDefinitionRefID>def002134802699</ServiceDefinitionRefID><ServiceDefinitionRefID>def00733269913</ServiceDefinitionRefID><ServiceDefinitionRefID>def01914106184</ServiceDefinitionRefID><ServiceDefinitionRefID>def01953805754</ServiceDefinitionRefID></ServiceBundle></ServiceDefinitionAssociation><ServiceDefinitionID>def00442971252</ServiceDefinitionID></ServiceDefinition><ServiceDefinition><Desc><DescText>Date and Time Change</DescText></Desc><Desc><DescText>Free</DescText><MarkupStyleText>FreeOrChargeable</MarkupStyleText></Desc><Name>Date and Time Change</Name><OwnerCode>JQ</OwnerCode><ServiceCode>DCHG</ServiceCode><ServiceDefinitionID>def001087402306</ServiceDefinitionID></ServiceDefinition><ServiceDefinition><Desc><DescText>Free</DescText><MarkupStyleText>FreeOrChargeable</MarkupStyleText></Desc><Name>FLXN</Name><OwnerCode>JQ</OwnerCode><ServiceCode>FLXN</ServiceCode><ServiceDefinitionID>def001121510760</ServiceDefinitionID></ServiceDefinition><ServiceDefinition><Desc><DescText>Qantas Business Rewards (Flex / Flex Plus Bundle)</DescText></Desc><Desc><DescText>Free</DescText><MarkupStyleText>FreeOrChargeable</MarkupStyleText></Desc><Name>Qantas Business Rewards (Flex / Flex Plus Bundle)</Name><OwnerCode>JQ</OwnerCode><ServiceCode>QBRB</ServiceCode><ServiceDefinitionID>def001376101901</ServiceDefinitionID></ServiceDefinition><ServiceDefinition><Desc><DescText>Free</DescText><MarkupStyleText>FreeOrChargeable</MarkupStyleText></Desc><Name>ML01</Name><OwnerCode>JQ</OwnerCode><ServiceCode>ML01</ServiceCode><ServiceDefinitionID>def001834895168</ServiceDefinitionID></ServiceDefinition><ServiceDefinition><Desc><DescText>Any Available Seat (Flex Plus Bundle)</DescText></Desc><Desc><DescText>Free</DescText><MarkupStyleText>FreeOrChargeable</MarkupStyleText></Desc><Name>Any Available Seat (Flex Plus Bundle)</Name><OwnerCode>JQ</OwnerCode><ServiceCode>FXS2</ServiceCode><ServiceDefinitionID>def002134802699</ServiceDefinitionID></ServiceDefinition><ServiceDefinition><Desc><DescText>Cancel Flight for a Voucher</DescText></Desc><Desc><DescText>Free</DescText><MarkupStyleText>FreeOrChargeable</MarkupStyleText></Desc><Name>Cancel Flight for a Voucher</Name><OwnerCode>JQ</OwnerCode><ServiceCode>CVHR</ServiceCode><ServiceDefinitionID>def00733269913</ServiceDefinitionID></ServiceDefinition><ServiceDefinition><Desc><DescText>Free</DescText><MarkupStyleText>FreeOrChargeable</MarkupStyleText></Desc><Name>LOYT</Name><OwnerCode>JQ</OwnerCode><ServiceCode>LOYT</ServiceCode><ServiceDefinitionID>def01914106184</ServiceDefinitionID></ServiceDefinition><ServiceDefinition><Desc><DescText>Free Same Day Change</DescText></Desc><Desc><DescText>Free</DescText><MarkupStyleText>FreeOrChargeable</MarkupStyleText></Desc><Name>Free Same Day Change</Name><OwnerCode>JQ</OwnerCode><ServiceCode>SDCH</ServiceCode><ServiceDefinitionID>def01953805754</ServiceDefinitionID></ServiceDefinition><ServiceDefinition><Desc><DescText>Flex Plus (M202) JQLHI</DescText></Desc><Desc><DescText>Chargeable</DescText><MarkupStyleText>FreeOrChargeable</MarkupStyleText></Desc><Name>FLEX PLUS</Name><OwnerCode>JQ</OwnerCode><RFIC>G</RFIC><RFISC>0L8</RFISC><ServiceCode>M202</ServiceCode><ServiceDefinitionAssociation><ServiceBundle><MaximumServiceQty>1</MaximumServiceQty><ServiceDefinitionRefID>def001087402306</ServiceDefinitionRefID><ServiceDefinitionRefID>def001376101901</ServiceDefinitionRefID><ServiceDefinitionRefID>def001687579164</ServiceDefinitionRefID><ServiceDefinitionRefID>def00733269913</ServiceDefinitionRefID><ServiceDefinitionRefID>def01103071244</ServiceDefinitionRefID><ServiceDefinitionRefID>def0116214330</ServiceDefinitionRefID><ServiceDefinitionRefID>def01914106184</ServiceDefinitionRefID><ServiceDefinitionRefID>def01953805754</ServiceDefinitionRefID><ServiceDefinitionRefID>def0205997704</ServiceDefinitionRefID><ServiceDefinitionRefID>def02127611238</ServiceDefinitionRefID></ServiceBundle></ServiceDefinitionAssociation><ServiceDefinitionID>def00780930060</ServiceDefinitionID></ServiceDefinition><ServiceDefinition><Desc><DescText>Free</DescText><MarkupStyleText>FreeOrChargeable</MarkupStyleText></Desc><Name>FPLS</Name><OwnerCode>JQ</OwnerCode><ServiceCode>FPLS</ServiceCode><ServiceDefinitionID>def001687579164</ServiceDefinitionID></ServiceDefinition><ServiceDefinition><Desc><DescText>Free</DescText><MarkupStyleText>FreeOrChargeable</MarkupStyleText></Desc><Name>ML02</Name><OwnerCode>JQ</OwnerCode><ServiceCode>ML02</ServiceCode><ServiceDefinitionID>def01103071244</ServiceDefinitionID></ServiceDefinition><ServiceDefinition><Desc><DescText>Origin and Destination Change</DescText></Desc><Desc><DescText>Free</DescText><MarkupStyleText>FreeOrChargeable</MarkupStyleText></Desc><Name>Origin and Destination Change</Name><OwnerCode>JQ</OwnerCode><ServiceCode>OCHG</ServiceCode><ServiceDefinitionID>def0116214330</ServiceDefinitionID></ServiceDefinition><ServiceDefinition><Desc><DescText>Free</DescText><MarkupStyleText>FreeOrChargeable</MarkupStyleText></Desc><Name>FXS3</Name><OwnerCode>JQ</OwnerCode><ServiceCode>FXS3</ServiceCode><ServiceDefinitionID>def0205997704</ServiceDefinitionID></ServiceDefinition><ServiceDefinition><Desc><DescText>Baggage 20kg</DescText></Desc><Desc><DescText>Free</DescText><MarkupStyleText>FreeOrChargeable</MarkupStyleText></Desc><Name>Baggage 20kg</Name><OwnerCode>JQ</OwnerCode><ServiceCode>BG20</ServiceCode><ServiceDefinitionAssociation><BaggageAllowanceRef><BaggageAllowanceRefID>bag0837549771</BaggageAllowanceRefID></BaggageAllowanceRef></ServiceDefinitionAssociation><ServiceDefinitionID>def02127611238</ServiceDefinitionID></ServiceDefinition><ServiceDefinition><Desc><DescText>Starter Plus (P200) JQDOM JQSHI JQTT JQLHI GKDOM GKSHI 3KSHI</DescText></Desc><Desc><DescText>Chargeable</DescText><MarkupStyleText>FreeOrChargeable</MarkupStyleText></Desc><Name>STARTER PLUS</Name><OwnerCode>JQ</OwnerCode><RFIC>G</RFIC><RFISC>0L8</RFISC><ServiceCode>P200</ServiceCode><ServiceDefinitionAssociation><ServiceBundle><MaximumServiceQty>1</MaximumServiceQty><ServiceDefinitionRefID>def001834895168</ServiceDefinitionRefID><ServiceDefinitionRefID>def00249663689</ServiceDefinitionRefID><ServiceDefinitionRefID>def00564999492</ServiceDefinitionRefID><ServiceDefinitionRefID>def02127611238</ServiceDefinitionRefID></ServiceBundle></ServiceDefinitionAssociation><ServiceDefinitionID>def01057881916</ServiceDefinitionID></ServiceDefinition><ServiceDefinition><Desc><DescText>Free Standard or Upfront Seat (Flex Bundle)</DescText></Desc><Desc><DescText>Free</DescText><MarkupStyleText>FreeOrChargeable</MarkupStyleText></Desc><Name>Free Standard or Upfront Seat (Flex Bundle)</Name><OwnerCode>JQ</OwnerCode><ServiceCode>FXS1</ServiceCode><ServiceDefinitionID>def00249663689</ServiceDefinitionID></ServiceDefinition><ServiceDefinition><Desc><DescText>Free</DescText><MarkupStyleText>FreeOrChargeable</MarkupStyleText></Desc><Name>STPL</Name><OwnerCode>JQ</OwnerCode><ServiceCode>STPL</ServiceCode><ServiceDefinitionID>def00564999492</ServiceDefinitionID></ServiceDefinition><ServiceDefinition><Desc><DescText>NDC testing</DescText></Desc><Desc><DescText>Free</DescText><MarkupStyleText>FreeOrChargeable</MarkupStyleText></Desc><Name>Starter (NDC)</Name><OwnerCode>JQ</OwnerCode><RFIC>G</RFIC><RFISC>0L8</RFISC><ServiceCode>S050</ServiceCode><ServiceDefinitionAssociation><ServiceBundle><MaximumServiceQty>1</MaximumServiceQty><ServiceDefinitionRefID>def01571840050</ServiceDefinitionRefID></ServiceBundle></ServiceDefinitionAssociation><ServiceDefinitionID>def0824628629</ServiceDefinitionID></ServiceDefinition><ServiceDefinition><Desc><DescText>Starter Bundle</DescText></Desc><Desc><DescText>Free</DescText><MarkupStyleText>FreeOrChargeable</MarkupStyleText></Desc><Name>Starter Bundle</Name><OwnerCode>JQ</OwnerCode><ServiceCode>STRT</ServiceCode><ServiceDefinitionID>def01571840050</ServiceDefinitionID></ServiceDefinition><ServiceDefinition><Desc><DescText>FLEX API (F206) JQSHI</DescText></Desc><Desc><DescText>Chargeable</DescText><MarkupStyleText>FreeOrChargeable</MarkupStyleText></Desc><Name>Flex Api</Name><OwnerCode>JQ</OwnerCode><RFIC>G</RFIC><RFISC>0L8</RFISC><ServiceCode>F206</ServiceCode><ServiceDefinitionAssociation><ServiceBundle><MaximumServiceQty>1</MaximumServiceQty><ServiceDefinitionRefID>def001087402306</ServiceDefinitionRefID><ServiceDefinitionRefID>def001121510760</ServiceDefinitionRefID><ServiceDefinitionRefID>def001376101901</ServiceDefinitionRefID><ServiceDefinitionRefID>def002134802699</ServiceDefinitionRefID><ServiceDefinitionRefID>def00733269913</ServiceDefinitionRefID><ServiceDefinitionRefID>def01914106184</ServiceDefinitionRefID><ServiceDefinitionRefID>def01953805754</ServiceDefinitionRefID></ServiceBundle></ServiceDefinitionAssociation><ServiceDefinitionID>def001941695174</ServiceDefinitionID></ServiceDefinition><ServiceDefinition><Desc><DescText>Flex Plus (M201) JQDOM JQSHI JQTT</DescText></Desc><Desc><DescText>Chargeable</DescText><MarkupStyleText>FreeOrChargeable</MarkupStyleText></Desc><Name>FLEX PLUS</Name><OwnerCode>JQ</OwnerCode><RFIC>G</RFIC><RFISC>0L8</RFISC><ServiceCode>M201</ServiceCode><ServiceDefinitionAssociation><ServiceBundle><MaximumServiceQty>1</MaximumServiceQty><ServiceDefinitionRefID>def001087402306</ServiceDefinitionRefID><ServiceDefinitionRefID>def001376101901</ServiceDefinitionRefID><ServiceDefinitionRefID>def001687579164</ServiceDefinitionRefID><ServiceDefinitionRefID>def001834895168</ServiceDefinitionRefID><ServiceDefinitionRefID>def00733269913</ServiceDefinitionRefID><ServiceDefinitionRefID>def0116214330</ServiceDefinitionRefID><ServiceDefinitionRefID>def01914106184</ServiceDefinitionRefID><ServiceDefinitionRefID>def01953805754</ServiceDefinitionRefID><ServiceDefinitionRefID>def0205997704</ServiceDefinitionRefID><ServiceDefinitionRefID>def02127611238</ServiceDefinitionRefID></ServiceBundle></ServiceDefinitionAssociation><ServiceDefinitionID>def0034767337</ServiceDefinitionID></ServiceDefinition></ServiceDefinitionList></DataLists><OffersGroup xmlns="http://www.iata.org/IATA/2015/EASD/00/IATA_OffersAndOrdersCommonTypes"><CarrierOffers><ALaCarteOffer><OfferExpirationTimeLimitDateTime>2026-01-10T01:40:08.8947383Z</OfferExpirationTimeLimitDateTime><OfferID>id-v2-379ce394-1f3e-4b15-9e42-a2ea013addfd-a1fd7ec6-87ed-4b71-9b48-2e68ffb1ddfc</OfferID><OfferItem><Eligibility><OfferFlightAssociations><PaxJourneyRef><PaxJourneyRefID>fl1010941169</PaxJourneyRefID></PaxJourneyRef></OfferFlightAssociations><PaxRefID>ADT0</PaxRefID><PriceClassRefID>pc1428475225</PriceClassRefID></Eligibility><OfferItemID>id-v2-379ce394-1f3e-4b15-9e42-a2ea013addfd-a1fd7ec6-87ed-4b71-9b48-2e68ffb1ddfc-1</OfferItemID><Service><ServiceDefinitionRefID>def00442971252</ServiceDefinitionRefID><ServiceID>id-v2-379ce394-1f3e-4b15-9e42-a2ea013addfd-a1fd7ec6-87ed-4b71-9b48-2e68ffb1ddfc-1</ServiceID></Service><UnitPrice><BaseAmount CurCode="AUD">108.00</BaseAmount><TaxSummary><TotalTaxAmount CurCode="AUD">0.00</TotalTaxAmount></TaxSummary><TotalAmount CurCode="AUD">108.00</TotalAmount></UnitPrice></OfferItem><OfferItem><Eligibility><OfferFlightAssociations><PaxJourneyRef><PaxJourneyRefID>fl1010941169</PaxJourneyRefID></PaxJourneyRef></OfferFlightAssociations><PaxRefID>ADT0</PaxRefID><PriceClassRefID>pc1428475225</PriceClassRefID></Eligibility><OfferItemID>id-v2-379ce394-1f3e-4b15-9e42-a2ea013addfd-a1fd7ec6-87ed-4b71-9b48-2e68ffb1ddfc-2</OfferItemID><Service><ServiceDefinitionRefID>def00780930060</ServiceDefinitionRefID><ServiceID>id-v2-379ce394-1f3e-4b15-9e42-a2ea013addfd-a1fd7ec6-87ed-4b71-9b48-2e68ffb1ddfc-2</ServiceID></Service><UnitPrice><BaseAmount CurCode="AUD">144.00</BaseAmount><TaxSummary><TotalTaxAmount CurCode="AUD">0.00</TotalTaxAmount></TaxSummary><TotalAmount CurCode="AUD">144.00</TotalAmount></UnitPrice></OfferItem><OfferItem><Eligibility><OfferFlightAssociations><PaxJourneyRef><PaxJourneyRefID>fl1010941169</PaxJourneyRefID></PaxJourneyRef></OfferFlightAssociations><PaxRefID>ADT0</PaxRefID><PriceClassRefID>pc1428475225</PriceClassRefID></Eligibility><OfferItemID>id-v2-379ce394-1f3e-4b15-9e42-a2ea013addfd-a1fd7ec6-87ed-4b71-9b48-2e68ffb1ddfc-3</OfferItemID><Service><ServiceDefinitionRefID>def01057881916</ServiceDefinitionRefID><ServiceID>id-v2-379ce394-1f3e-4b15-9e42-a2ea013addfd-a1fd7ec6-87ed-4b71-9b48-2e68ffb1ddfc-3</ServiceID></Service><UnitPrice><BaseAmount CurCode="AUD">68.00</BaseAmount><TaxSummary><TotalTaxAmount CurCode="AUD">0.00</TotalTaxAmount></TaxSummary><TotalAmount CurCode="AUD">68.00</TotalAmount></UnitPrice></OfferItem><OfferItem><Eligibility><OfferFlightAssociations><PaxJourneyRef><PaxJourneyRefID>fl1010941169</PaxJourneyRefID></PaxJourneyRef></OfferFlightAssociations><PaxRefID>ADT0</PaxRefID><PriceClassRefID>pc1428475225</PriceClassRefID></Eligibility><OfferItemID>id-v2-379ce394-1f3e-4b15-9e42-a2ea013addfd-a1fd7ec6-87ed-4b71-9b48-2e68ffb1ddfc-4</OfferItemID><Service><ServiceDefinitionRefID>def0824628629</ServiceDefinitionRefID><ServiceID>id-v2-379ce394-1f3e-4b15-9e42-a2ea013addfd-a1fd7ec6-87ed-4b71-9b48-2e68ffb1ddfc-4</ServiceID></Service><UnitPrice><BaseAmount CurCode="AUD">0.00</BaseAmount><TaxSummary><TotalTaxAmount CurCode="AUD">0.00</TotalTaxAmount></TaxSummary><TotalAmount CurCode="AUD">0.00</TotalAmount></UnitPrice></OfferItem><OfferItem><Eligibility><OfferFlightAssociations><PaxJourneyRef><PaxJourneyRefID>fl1740642493</PaxJourneyRefID></PaxJourneyRef></OfferFlightAssociations><PaxRefID>ADT0</PaxRefID><PriceClassRefID>pc1428475225</PriceClassRefID></Eligibility><OfferItemID>id-v2-379ce394-1f3e-4b15-9e42-a2ea013addfd-a1fd7ec6-87ed-4b71-9b48-2e68ffb1ddfc-5</OfferItemID><Service><ServiceDefinitionRefID>def00442971252</ServiceDefinitionRefID><ServiceID>id-v2-379ce394-1f3e-4b15-9e42-a2ea013addfd-a1fd7ec6-87ed-4b71-9b48-2e68ffb1ddfc-5</ServiceID></Service><UnitPrice><BaseAmount CurCode="AUD">108.00</BaseAmount><TaxSummary><TotalTaxAmount CurCode="AUD">0.00</TotalTaxAmount></TaxSummary><TotalAmount CurCode="AUD">108.00</TotalAmount></UnitPrice></OfferItem><OfferItem><Eligibility><OfferFlightAssociations><PaxJourneyRef><PaxJourneyRefID>fl1740642493</PaxJourneyRefID></PaxJourneyRef></OfferFlightAssociations><PaxRefID>ADT0</PaxRefID><PriceClassRefID>pc1428475225</PriceClassRefID></Eligibility><OfferItemID>id-v2-379ce394-1f3e-4b15-9e42-a2ea013addfd-a1fd7ec6-87ed-4b71-9b48-2e68ffb1ddfc-6</OfferItemID><Service><ServiceDefinitionRefID>def00780930060</ServiceDefinitionRefID><ServiceID>id-v2-379ce394-1f3e-4b15-9e42-a2ea013addfd-a1fd7ec6-87ed-4b71-9b48-2e68ffb1ddfc-6</ServiceID></Service><UnitPrice><BaseAmount CurCode="AUD">144.00</BaseAmount><TaxSummary><TotalTaxAmount CurCode="AUD">0.00</TotalTaxAmount></TaxSummary><TotalAmount CurCode="AUD">144.00</TotalAmount></UnitPrice></OfferItem><OfferItem><Eligibility><OfferFlightAssociations><PaxJourneyRef><PaxJourneyRefID>fl1740642493</PaxJourneyRefID></PaxJourneyRef></OfferFlightAssociations><PaxRefID>ADT0</PaxRefID><PriceClassRefID>pc1428475225</PriceClassRefID></Eligibility><OfferItemID>id-v2-379ce394-1f3e-4b15-9e42-a2ea013addfd-a1fd7ec6-87ed-4b71-9b48-2e68ffb1ddfc-7</OfferItemID><Service><ServiceDefinitionRefID>def01057881916</ServiceDefinitionRefID><ServiceID>id-v2-379ce394-1f3e-4b15-9e42-a2ea013addfd-a1fd7ec6-87ed-4b71-9b48-2e68ffb1ddfc-7</ServiceID></Service><UnitPrice><BaseAmount CurCode="AUD">68.00</BaseAmount><TaxSummary><TotalTaxAmount CurCode="AUD">0.00</TotalTaxAmount></TaxSummary><TotalAmount CurCode="AUD">68.00</TotalAmount></UnitPrice></OfferItem><OfferItem><Eligibility><OfferFlightAssociations><PaxJourneyRef><PaxJourneyRefID>fl1740642493</PaxJourneyRefID></PaxJourneyRef></OfferFlightAssociations><PaxRefID>ADT0</PaxRefID><PriceClassRefID>pc1428475225</PriceClassRefID></Eligibility><OfferItemID>id-v2-379ce394-1f3e-4b15-9e42-a2ea013addfd-a1fd7ec6-87ed-4b71-9b48-2e68ffb1ddfc-8</OfferItemID><Service><ServiceDefinitionRefID>def0824628629</ServiceDefinitionRefID><ServiceID>id-v2-379ce394-1f3e-4b15-9e42-a2ea013addfd-a1fd7ec6-87ed-4b71-9b48-2e68ffb1ddfc-8</ServiceID></Service><UnitPrice><BaseAmount CurCode="AUD">0.00</BaseAmount><TaxSummary><TotalTaxAmount CurCode="AUD">0.00</TotalTaxAmount></TaxSummary><TotalAmount CurCode="AUD">0.00</TotalAmount></UnitPrice></OfferItem><OfferItem><Eligibility><OfferFlightAssociations><PaxJourneyRef><PaxJourneyRefID>fl792301151</PaxJourneyRefID></PaxJourneyRef></OfferFlightAssociations><PaxRefID>ADT0</PaxRefID><PriceClassRefID>pc0738722541</PriceClassRefID></Eligibility><OfferItemID>id-v2-379ce394-1f3e-4b15-9e42-a2ea013addfd-a1fd7ec6-87ed-4b71-9b48-2e68ffb1ddfc-9</OfferItemID><Service><ServiceDefinitionRefID>def00442971252</ServiceDefinitionRefID><ServiceID>id-v2-379ce394-1f3e-4b15-9e42-a2ea013addfd-a1fd7ec6-87ed-4b71-9b48-2e68ffb1ddfc-9</ServiceID></Service><UnitPrice><BaseAmount CurCode="AUD">108.00</BaseAmount><TaxSummary><TotalTaxAmount CurCode="AUD">0.00</TotalTaxAmount></TaxSummary><TotalAmount CurCode="AUD">108.00</TotalAmount></UnitPrice></OfferItem><OfferItem><Eligibility><OfferFlightAssociations><PaxJourneyRef><PaxJourneyRefID>fl792301151</PaxJourneyRefID></PaxJourneyRef></OfferFlightAssociations><PaxRefID>ADT0</PaxRefID><PriceClassRefID>pc0738722541</PriceClassRefID></Eligibility><OfferItemID>id-v2-379ce394-1f3e-4b15-9e42-a2ea013addfd-a1fd7ec6-87ed-4b71-9b48-2e68ffb1ddfc-10</OfferItemID><Service><ServiceDefinitionRefID>def00780930060</ServiceDefinitionRefID><ServiceID>id-v2-379ce394-1f3e-4b15-9e42-a2ea013addfd-a1fd7ec6-87ed-4b71-9b48-2e68ffb1ddfc-10</ServiceID></Service><UnitPrice><BaseAmount CurCode="AUD">144.00</BaseAmount><TaxSummary><TotalTaxAmount CurCode="AUD">0.00</TotalTaxAmount></TaxSummary><TotalAmount CurCode="AUD">144.00</TotalAmount></UnitPrice></OfferItem><OfferItem><Eligibility><OfferFlightAssociations><PaxJourneyRef><PaxJourneyRefID>fl792301151</PaxJourneyRefID></PaxJourneyRef></OfferFlightAssociations><PaxRefID>ADT0</PaxRefID><PriceClassRefID>pc0738722541</PriceClassRefID></Eligibility><OfferItemID>id-v2-379ce394-1f3e-4b15-9e42-a2ea013addfd-a1fd7ec6-87ed-4b71-9b48-2e68ffb1ddfc-11</OfferItemID><Service><ServiceDefinitionRefID>def01057881916</ServiceDefinitionRefID><ServiceID>id-v2-379ce394-1f3e-4b15-9e42-a2ea013addfd-a1fd7ec6-87ed-4b71-9b48-2e68ffb1ddfc-11</ServiceID></Service><UnitPrice><BaseAmount CurCode="AUD">68.00</BaseAmount><TaxSummary><TotalTaxAmount CurCode="AUD">0.00</TotalTaxAmount></TaxSummary><TotalAmount CurCode="AUD">68.00</TotalAmount></UnitPrice></OfferItem><OfferItem><Eligibility><OfferFlightAssociations><PaxJourneyRef><PaxJourneyRefID>fl792301151</PaxJourneyRefID></PaxJourneyRef></OfferFlightAssociations><PaxRefID>ADT0</PaxRefID><PriceClassRefID>pc0738722541</PriceClassRefID></Eligibility><OfferItemID>id-v2-379ce394-1f3e-4b15-9e42-a2ea013addfd-a1fd7ec6-87ed-4b71-9b48-2e68ffb1ddfc-12</OfferItemID><Service><ServiceDefinitionRefID>def0824628629</ServiceDefinitionRefID><ServiceID>id-v2-379ce394-1f3e-4b15-9e42-a2ea013addfd-a1fd7ec6-87ed-4b71-9b48-2e68ffb1ddfc-12</ServiceID></Service><UnitPrice><BaseAmount CurCode="AUD">0.00</BaseAmount><TaxSummary><TotalTaxAmount CurCode="AUD">0.00</TotalTaxAmount></TaxSummary><TotalAmount CurCode="AUD">0.00</TotalAmount></UnitPrice></OfferItem><OfferItem><Eligibility><OfferFlightAssociations><PaxJourneyRef><PaxJourneyRefID>fl1457592696</PaxJourneyRefID></PaxJourneyRef></OfferFlightAssociations><PaxRefID>ADT0</PaxRefID><PriceClassRefID>pc0738722541</PriceClassRefID></Eligibility><OfferItemID>id-v2-379ce394-1f3e-4b15-9e42-a2ea013addfd-a1fd7ec6-87ed-4b71-9b48-2e68ffb1ddfc-13</OfferItemID><Service><ServiceDefinitionRefID>def001941695174</ServiceDefinitionRefID><ServiceID>id-v2-379ce394-1f3e-4b15-9e42-a2ea013addfd-a1fd7ec6-87ed-4b71-9b48-2e68ffb1ddfc-13</ServiceID></Service><UnitPrice><BaseAmount CurCode="AUD">134.00</BaseAmount><TaxSummary><TotalTaxAmount CurCode="AUD">0.00</TotalTaxAmount></TaxSummary><TotalAmount CurCode="AUD">134.00</TotalAmount></UnitPrice></OfferItem><OfferItem><Eligibility><OfferFlightAssociations><PaxJourneyRef><PaxJourneyRefID>fl1457592696</PaxJourneyRefID></PaxJourneyRef></OfferFlightAssociations><PaxRefID>ADT0</PaxRefID><PriceClassRefID>pc0738722541</PriceClassRefID></Eligibility><OfferItemID>id-v2-379ce394-1f3e-4b15-9e42-a2ea013addfd-a1fd7ec6-87ed-4b71-9b48-2e68ffb1ddfc-14</OfferItemID><Service><ServiceDefinitionRefID>def0034767337</ServiceDefinitionRefID><ServiceID>id-v2-379ce394-1f3e-4b15-9e42-a2ea013addfd-a1fd7ec6-87ed-4b71-9b48-2e68ffb1ddfc-14</ServiceID></Service><UnitPrice><BaseAmount CurCode="AUD">170.00</BaseAmount><TaxSummary><TotalTaxAmount CurCode="AUD">0.00</TotalTaxAmount></TaxSummary><TotalAmount CurCode="AUD">170.00</TotalAmount></UnitPrice></OfferItem><OfferItem><Eligibility><OfferFlightAssociations><PaxJourneyRef><PaxJourneyRefID>fl1457592696</PaxJourneyRefID></PaxJourneyRef></OfferFlightAssociations><PaxRefID>ADT0</PaxRefID><PriceClassRefID>pc0738722541</PriceClassRefID></Eligibility><OfferItemID>id-v2-379ce394-1f3e-4b15-9e42-a2ea013addfd-a1fd7ec6-87ed-4b71-9b48-2e68ffb1ddfc-15</OfferItemID><Service><ServiceDefinitionRefID>def01057881916</ServiceDefinitionRefID><ServiceID>id-v2-379ce394-1f3e-4b15-9e42-a2ea013addfd-a1fd7ec6-87ed-4b71-9b48-2e68ffb1ddfc-15</ServiceID></Service><UnitPrice><BaseAmount CurCode="AUD">99.00</BaseAmount><TaxSummary><TotalTaxAmount CurCode="AUD">0.00</TotalTaxAmount></TaxSummary><TotalAmount CurCode="AUD">99.00</TotalAmount></UnitPrice></OfferItem><OfferItem><Eligibility><OfferFlightAssociations><PaxJourneyRef><PaxJourneyRefID>fl1457592696</PaxJourneyRefID></PaxJourneyRef></OfferFlightAssociations><PaxRefID>ADT0</PaxRefID><PriceClassRefID>pc0738722541</PriceClassRefID></Eligibility><OfferItemID>id-v2-379ce394-1f3e-4b15-9e42-a2ea013addfd-a1fd7ec6-87ed-4b71-9b48-2e68ffb1ddfc-16</OfferItemID><Service><ServiceDefinitionRefID>def0824628629</ServiceDefinitionRefID><ServiceID>id-v2-379ce394-1f3e-4b15-9e42-a2ea013addfd-a1fd7ec6-87ed-4b71-9b48-2e68ffb1ddfc-16</ServiceID></Service><UnitPrice><BaseAmount CurCode="AUD">0.00</BaseAmount><TaxSummary><TotalTaxAmount CurCode="AUD">0.00</TotalTaxAmount></TaxSummary><TotalAmount CurCode="AUD">0.00</TotalAmount></UnitPrice></OfferItem><OfferItem><Eligibility><OfferFlightAssociations><PaxJourneyRef><PaxJourneyRefID>fl02145022940</PaxJourneyRefID></PaxJourneyRef></OfferFlightAssociations><PaxRefID>ADT0</PaxRefID><PriceClassRefID>pc0738722541</PriceClassRefID></Eligibility><OfferItemID>id-v2-379ce394-1f3e-4b15-9e42-a2ea013addfd-a1fd7ec6-87ed-4b71-9b48-2e68ffb1ddfc-17</OfferItemID><Service><ServiceDefinitionRefID>def001941695174</ServiceDefinitionRefID><ServiceID>id-v2-379ce394-1f3e-4b15-9e42-a2ea013addfd-a1fd7ec6-87ed-4b71-9b48-2e68ffb1ddfc-17</ServiceID></Service><UnitPrice><BaseAmount CurCode="AUD">134.00</BaseAmount><TaxSummary><TotalTaxAmount CurCode="AUD">0.00</TotalTaxAmount></TaxSummary><TotalAmount CurCode="AUD">134.00</TotalAmount></UnitPrice></OfferItem><OfferItem><Eligibility><OfferFlightAssociations><PaxJourneyRef><PaxJourneyRefID>fl02145022940</PaxJourneyRefID></PaxJourneyRef></OfferFlightAssociations><PaxRefID>ADT0</PaxRefID><PriceClassRefID>pc0738722541</PriceClassRefID></Eligibility><OfferItemID>id-v2-379ce394-1f3e-4b15-9e42-a2ea013addfd-a1fd7ec6-87ed-4b71-9b48-2e68ffb1ddfc-18</OfferItemID><Service><ServiceDefinitionRefID>def0034767337</ServiceDefinitionRefID><ServiceID>id-v2-379ce394-1f3e-4b15-9e42-a2ea013addfd-a1fd7ec6-87ed-4b71-9b48-2e68ffb1ddfc-18</ServiceID></Service><UnitPrice><BaseAmount CurCode="AUD">170.00</BaseAmount><TaxSummary><TotalTaxAmount CurCode="AUD">0.00</TotalTaxAmount></TaxSummary><TotalAmount CurCode="AUD">170.00</TotalAmount></UnitPrice></OfferItem><OfferItem><Eligibility><OfferFlightAssociations><PaxJourneyRef><PaxJourneyRefID>fl02145022940</PaxJourneyRefID></PaxJourneyRef></OfferFlightAssociations><PaxRefID>ADT0</PaxRefID><PriceClassRefID>pc0738722541</PriceClassRefID></Eligibility><OfferItemID>id-v2-379ce394-1f3e-4b15-9e42-a2ea013addfd-a1fd7ec6-87ed-4b71-9b48-2e68ffb1ddfc-19</OfferItemID><Service><ServiceDefinitionRefID>def01057881916</ServiceDefinitionRefID><ServiceID>id-v2-379ce394-1f3e-4b15-9e42-a2ea013addfd-a1fd7ec6-87ed-4b71-9b48-2e68ffb1ddfc-19</ServiceID></Service><UnitPrice><BaseAmount CurCode="AUD">99.00</BaseAmount><TaxSummary><TotalTaxAmount CurCode="AUD">0.00</TotalTaxAmount></TaxSummary><TotalAmount CurCode="AUD">99.00</TotalAmount></UnitPrice></OfferItem><OfferItem><Eligibility><OfferFlightAssociations><PaxJourneyRef><PaxJourneyRefID>fl02145022940</PaxJourneyRefID></PaxJourneyRef></OfferFlightAssociations><PaxRefID>ADT0</PaxRefID><PriceClassRefID>pc0738722541</PriceClassRefID></Eligibility><OfferItemID>id-v2-379ce394-1f3e-4b15-9e42-a2ea013addfd-a1fd7ec6-87ed-4b71-9b48-2e68ffb1ddfc-20</OfferItemID><Service><ServiceDefinitionRefID>def0824628629</ServiceDefinitionRefID><ServiceID>id-v2-379ce394-1f3e-4b15-9e42-a2ea013addfd-a1fd7ec6-87ed-4b71-9b48-2e68ffb1ddfc-20</ServiceID></Service><UnitPrice><BaseAmount CurCode="AUD">0.00</BaseAmount><TaxSummary><TotalTaxAmount CurCode="AUD">0.00</TotalTaxAmount></TaxSummary><TotalAmount CurCode="AUD">0.00</TotalAmount></UnitPrice></OfferItem><OfferItem><Eligibility><OfferFlightAssociations><PaxJourneyRef><PaxJourneyRefID>fl01582838939</PaxJourneyRefID></PaxJourneyRef></OfferFlightAssociations><PaxRefID>ADT0</PaxRefID><PriceClassRefID>pc821472179</PriceClassRefID></Eligibility><OfferItemID>id-v2-379ce394-1f3e-4b15-9e42-a2ea013addfd-a1fd7ec6-87ed-4b71-9b48-2e68ffb1ddfc-21</OfferItemID><Service><ServiceDefinitionRefID>def00442971252</ServiceDefinitionRefID><ServiceID>id-v2-379ce394-1f3e-4b15-9e42-a2ea013addfd-a1fd7ec6-87ed-4b71-9b48-2e68ffb1ddfc-21</ServiceID></Service><UnitPrice><BaseAmount CurCode="AUD">115.00</BaseAmount><TaxSummary><TotalTaxAmount CurCode="AUD">0.00</TotalTaxAmount></TaxSummary><TotalAmount CurCode="AUD">115.00</TotalAmount></UnitPrice></OfferItem><OfferItem><Eligibility><OfferFlightAssociations><PaxJourneyRef><PaxJourneyRefID>fl01582838939</PaxJourneyRefID></PaxJourneyRef></OfferFlightAssociations><PaxRefID>ADT0</PaxRefID><PriceClassRefID>pc821472179</PriceClassRefID></Eligibility><OfferItemID>id-v2-379ce394-1f3e-4b15-9e42-a2ea013addfd-a1fd7ec6-87ed-4b71-9b48-2e68ffb1ddfc-22</OfferItemID><Service><ServiceDefinitionRefID>def00780930060</ServiceDefinitionRefID><ServiceID>id-v2-379ce394-1f3e-4b15-9e42-a2ea013addfd-a1fd7ec6-87ed-4b71-9b48-2e68ffb1ddfc-22</ServiceID></Service><UnitPrice><BaseAmount CurCode="AUD">177.30</BaseAmount><TaxSummary><TotalTaxAmount CurCode="AUD">0.00</TotalTaxAmount></TaxSummary><TotalAmount CurCode="AUD">177.30</TotalAmount></UnitPrice></OfferItem><OfferItem><Eligibility><OfferFlightAssociations><PaxJourneyRef><PaxJourneyRefID>fl01582838939</PaxJourneyRefID></PaxJourneyRef></OfferFlightAssociations><PaxRefID>ADT0</PaxRefID><PriceClassRefID>pc821472179</PriceClassRefID></Eligibility><OfferItemID>id-v2-379ce394-1f3e-4b15-9e42-a2ea013addfd-a1fd7ec6-87ed-4b71-9b48-2e68ffb1ddfc-23</OfferItemID><Service><ServiceDefinitionRefID>def01057881916</ServiceDefinitionRefID><ServiceID>id-v2-379ce394-1f3e-4b15-9e42-a2ea013addfd-a1fd7ec6-87ed-4b71-9b48-2e68ffb1ddfc-23</ServiceID></Service><UnitPrice><BaseAmount CurCode="AUD">114.38</BaseAmount><TaxSummary><TotalTaxAmount CurCode="AUD">0.00</TotalTaxAmount></TaxSummary><TotalAmount CurCode="AUD">114.38</TotalAmount></UnitPrice></OfferItem><OfferItem><Eligibility><OfferFlightAssociations><PaxJourneyRef><PaxJourneyRefID>fl01582838939</PaxJourneyRefID></PaxJourneyRef></OfferFlightAssociations><PaxRefID>ADT0</PaxRefID><PriceClassRefID>pc821472179</PriceClassRefID></Eligibility><OfferItemID>id-v2-379ce394-1f3e-4b15-9e42-a2ea013addfd-a1fd7ec6-87ed-4b71-9b48-2e68ffb1ddfc-24</OfferItemID><Service><ServiceDefinitionRefID>def0824628629</ServiceDefinitionRefID><ServiceID>id-v2-379ce394-1f3e-4b15-9e42-a2ea013addfd-a1fd7ec6-87ed-4b71-9b48-2e68ffb1ddfc-24</ServiceID></Service><UnitPrice><BaseAmount CurCode="AUD">0.00</BaseAmount><TaxSummary><TotalTaxAmount CurCode="AUD">0.00</TotalTaxAmount></TaxSummary><TotalAmount CurCode="AUD">0.00</TotalAmount></UnitPrice></OfferItem><OfferItem><Eligibility><OfferFlightAssociations><PaxJourneyRef><PaxJourneyRefID>fl2033916944</PaxJourneyRefID></PaxJourneyRef></OfferFlightAssociations><PaxRefID>ADT0</PaxRefID><PriceClassRefID>pc1428475225</PriceClassRefID></Eligibility><OfferItemID>id-v2-379ce394-1f3e-4b15-9e42-a2ea013addfd-a1fd7ec6-87ed-4b71-9b48-2e68ffb1ddfc-25</OfferItemID><Service><ServiceDefinitionRefID>def00442971252</ServiceDefinitionRefID><ServiceID>id-v2-379ce394-1f3e-4b15-9e42-a2ea013addfd-a1fd7ec6-87ed-4b71-9b48-2e68ffb1ddfc-25</ServiceID></Service><UnitPrice><BaseAmount CurCode="AUD">163.00</BaseAmount><TaxSummary><TotalTaxAmount CurCode="AUD">0.00</TotalTaxAmount></TaxSummary><TotalAmount CurCode="AUD">163.00</TotalAmount></UnitPrice></OfferItem><OfferItem><Eligibility><OfferFlightAssociations><PaxJourneyRef><PaxJourneyRefID>fl2033916944</PaxJourneyRefID></PaxJourneyRef></OfferFlightAssociations><PaxRefID>ADT0</PaxRefID><PriceClassRefID>pc1428475225</PriceClassRefID></Eligibility><OfferItemID>id-v2-379ce394-1f3e-4b15-9e42-a2ea013addfd-a1fd7ec6-87ed-4b71-9b48-2e68ffb1ddfc-26</OfferItemID><Service><ServiceDefinitionRefID>def00780930060</ServiceDefinitionRefID><ServiceID>id-v2-379ce394-1f3e-4b15-9e42-a2ea013addfd-a1fd7ec6-87ed-4b71-9b48-2e68ffb1ddfc-26</ServiceID></Service><UnitPrice><BaseAmount CurCode="AUD">247.30</BaseAmount><TaxSummary><TotalTaxAmount CurCode="AUD">0.00</TotalTaxAmount></TaxSummary><TotalAmount CurCode="AUD">247.30</TotalAmount></UnitPrice></OfferItem><OfferItem><Eligibility><OfferFlightAssociations><PaxJourneyRef><PaxJourneyRefID>fl2033916944</PaxJourneyRefID></PaxJourneyRef></OfferFlightAssociations><PaxRefID>ADT0</PaxRefID><PriceClassRefID>pc1428475225</PriceClassRefID></Eligibility><OfferItemID>id-v2-379ce394-1f3e-4b15-9e42-a2ea013addfd-a1fd7ec6-87ed-4b71-9b48-2e68ffb1ddfc-27</OfferItemID><Service><ServiceDefinitionRefID>def01057881916</ServiceDefinitionRefID><ServiceID>id-v2-379ce394-1f3e-4b15-9e42-a2ea013addfd-a1fd7ec6-87ed-4b71-9b48-2e68ffb1ddfc-27</ServiceID></Service><UnitPrice><BaseAmount CurCode="AUD">154.38</BaseAmount><TaxSummary><TotalTaxAmount CurCode="AUD">0.00</TotalTaxAmount></TaxSummary><TotalAmount CurCode="AUD">154.38</TotalAmount></UnitPrice></OfferItem><OfferItem><Eligibility><OfferFlightAssociations><PaxJourneyRef><PaxJourneyRefID>fl2033916944</PaxJourneyRefID></PaxJourneyRef></OfferFlightAssociations><PaxRefID>ADT0</PaxRefID><PriceClassRefID>pc1428475225</PriceClassRefID></Eligibility><OfferItemID>id-v2-379ce394-1f3e-4b15-9e42-a2ea013addfd-a1fd7ec6-87ed-4b71-9b48-2e68ffb1ddfc-28</OfferItemID><Service><ServiceDefinitionRefID>def0824628629</ServiceDefinitionRefID><ServiceID>id-v2-379ce394-1f3e-4b15-9e42-a2ea013addfd-a1fd7ec6-87ed-4b71-9b48-2e68ffb1ddfc-28</ServiceID></Service><UnitPrice><BaseAmount CurCode="AUD">0.00</BaseAmount><TaxSummary><TotalTaxAmount CurCode="AUD">0.00</TotalTaxAmount></TaxSummary><TotalAmount CurCode="AUD">0.00</TotalAmount></UnitPrice></OfferItem><OfferItem><Eligibility><OfferFlightAssociations><PaxJourneyRef><PaxJourneyRefID>fl01854133298</PaxJourneyRefID></PaxJourneyRef></OfferFlightAssociations><PaxRefID>ADT0</PaxRefID><PriceClassRefID>pc2042014924</PriceClassRefID></Eligibility><OfferItemID>id-v2-379ce394-1f3e-4b15-9e42-a2ea013addfd-a1fd7ec6-87ed-4b71-9b48-2e68ffb1ddfc-29</OfferItemID><Service><ServiceDefinitionRefID>def00442971252</ServiceDefinitionRefID><ServiceID>id-v2-379ce394-1f3e-4b15-9e42-a2ea013addfd-a1fd7ec6-87ed-4b71-9b48-2e68ffb1ddfc-29</ServiceID></Service><UnitPrice><BaseAmount CurCode="AUD">108.00</BaseAmount><TaxSummary><TotalTaxAmount CurCode="AUD">0.00</TotalTaxAmount></TaxSummary><TotalAmount CurCode="AUD">108.00</TotalAmount></UnitPrice></OfferItem><OfferItem><Eligibility><OfferFlightAssociations><PaxJourneyRef><PaxJourneyRefID>fl01854133298</PaxJourneyRefID></PaxJourneyRef></OfferFlightAssociations><PaxRefID>ADT0</PaxRefID><PriceClassRefID>pc2042014924</PriceClassRefID></Eligibility><OfferItemID>id-v2-379ce394-1f3e-4b15-9e42-a2ea013addfd-a1fd7ec6-87ed-4b71-9b48-2e68ffb1ddfc-30</OfferItemID><Service><ServiceDefinitionRefID>def00780930060</ServiceDefinitionRefID><ServiceID>id-v2-379ce394-1f3e-4b15-9e42-a2ea013addfd-a1fd7ec6-87ed-4b71-9b48-2e68ffb1ddfc-30</ServiceID></Service><UnitPrice><BaseAmount CurCode="AUD">144.00</BaseAmount><TaxSummary><TotalTaxAmount CurCode="AUD">0.00</TotalTaxAmount></TaxSummary><TotalAmount CurCode="AUD">144.00</TotalAmount></UnitPrice></OfferItem><OfferItem><Eligibility><OfferFlightAssociations><PaxJourneyRef><PaxJourneyRefID>fl01854133298</PaxJourneyRefID></PaxJourneyRef></OfferFlightAssociations><PaxRefID>ADT0</PaxRefID><PriceClassRefID>pc2042014924</PriceClassRefID></Eligibility><OfferItemID>id-v2-379ce394-1f3e-4b15-9e42-a2ea013addfd-a1fd7ec6-87ed-4b71-9b48-2e68ffb1ddfc-31</OfferItemID><Service><ServiceDefinitionRefID>def01057881916</ServiceDefinitionRefID><ServiceID>id-v2-379ce394-1f3e-4b15-9e42-a2ea013addfd-a1fd7ec6-87ed-4b71-9b48-2e68ffb1ddfc-31</ServiceID></Service><UnitPrice><BaseAmount CurCode="AUD">68.00</BaseAmount><TaxSummary><TotalTaxAmount CurCode="AUD">0.00</TotalTaxAmount></TaxSummary><TotalAmount CurCode="AUD">68.00</TotalAmount></UnitPrice></OfferItem><OfferItem><Eligibility><OfferFlightAssociations><PaxJourneyRef><PaxJourneyRefID>fl01854133298</PaxJourneyRefID></PaxJourneyRef></OfferFlightAssociations><PaxRefID>ADT0</PaxRefID><PriceClassRefID>pc2042014924</PriceClassRefID></Eligibility><OfferItemID>id-v2-379ce394-1f3e-4b15-9e42-a2ea013addfd-a1fd7ec6-87ed-4b71-9b48-2e68ffb1ddfc-32</OfferItemID><Service><ServiceDefinitionRefID>def0824628629</ServiceDefinitionRefID><ServiceID>id-v2-379ce394-1f3e-4b15-9e42-a2ea013addfd-a1fd7ec6-87ed-4b71-9b48-2e68ffb1ddfc-32</ServiceID></Service><UnitPrice><BaseAmount CurCode="AUD">0.00</BaseAmount><TaxSummary><TotalTaxAmount CurCode="AUD">0.00</TotalTaxAmount></TaxSummary><TotalAmount CurCode="AUD">0.00</TotalAmount></UnitPrice></OfferItem><OfferItem><Eligibility><OfferFlightAssociations><PaxJourneyRef><PaxJourneyRefID>fl34748140</PaxJourneyRefID></PaxJourneyRef></OfferFlightAssociations><PaxRefID>ADT0</PaxRefID><PriceClassRefID>pc0738722541</PriceClassRefID></Eligibility><OfferItemID>id-v2-379ce394-1f3e-4b15-9e42-a2ea013addfd-a1fd7ec6-87ed-4b71-9b48-2e68ffb1ddfc-33</OfferItemID><Service><ServiceDefinitionRefID>def00442971252</ServiceDefinitionRefID><ServiceID>id-v2-379ce394-1f3e-4b15-9e42-a2ea013addfd-a1fd7ec6-87ed-4b71-9b48-2e68ffb1ddfc-33</ServiceID></Service><UnitPrice><BaseAmount CurCode="AUD">108.00</BaseAmount><TaxSummary><TotalTaxAmount CurCode="AUD">0.00</TotalTaxAmount></TaxSummary><TotalAmount CurCode="AUD">108.00</TotalAmount></UnitPrice></OfferItem><OfferItem><Eligibility><OfferFlightAssociations><PaxJourneyRef><PaxJourneyRefID>fl34748140</PaxJourneyRefID></PaxJourneyRef></OfferFlightAssociations><PaxRefID>ADT0</PaxRefID><PriceClassRefID>pc0738722541</PriceClassRefID></Eligibility><OfferItemID>id-v2-379ce394-1f3e-4b15-9e42-a2ea013addfd-a1fd7ec6-87ed-4b71-9b48-2e68ffb1ddfc-34</OfferItemID><Service><ServiceDefinitionRefID>def00780930060</ServiceDefinitionRefID><ServiceID>id-v2-379ce394-1f3e-4b15-9e42-a2ea013addfd-a1fd7ec6-87ed-4b71-9b48-2e68ffb1ddfc-34</ServiceID></Service><UnitPrice><BaseAmount CurCode="AUD">144.00</BaseAmount><TaxSummary><TotalTaxAmount CurCode="AUD">0.00</TotalTaxAmount></TaxSummary><TotalAmount CurCode="AUD">144.00</TotalAmount></UnitPrice></OfferItem><OfferItem><Eligibility><OfferFlightAssociations><PaxJourneyRef><PaxJourneyRefID>fl34748140</PaxJourneyRefID></PaxJourneyRef></OfferFlightAssociations><PaxRefID>ADT0</PaxRefID><PriceClassRefID>pc0738722541</PriceClassRefID></Eligibility><OfferItemID>id-v2-379ce394-1f3e-4b15-9e42-a2ea013addfd-a1fd7ec6-87ed-4b71-9b48-2e68ffb1ddfc-35</OfferItemID><Service><ServiceDefinitionRefID>def01057881916</ServiceDefinitionRefID><ServiceID>id-v2-379ce394-1f3e-4b15-9e42-a2ea013addfd-a1fd7ec6-87ed-4b71-9b48-2e68ffb1ddfc-35</ServiceID></Service><UnitPrice><BaseAmount CurCode="AUD">68.00</BaseAmount><TaxSummary><TotalTaxAmount CurCode="AUD">0.00</TotalTaxAmount></TaxSummary><TotalAmount CurCode="AUD">68.00</TotalAmount></UnitPrice></OfferItem><OfferItem><Eligibility><OfferFlightAssociations><PaxJourneyRef><PaxJourneyRefID>fl34748140</PaxJourneyRefID></PaxJourneyRef></OfferFlightAssociations><PaxRefID>ADT0</PaxRefID><PriceClassRefID>pc0738722541</PriceClassRefID></Eligibility><OfferItemID>id-v2-379ce394-1f3e-4b15-9e42-a2ea013addfd-a1fd7ec6-87ed-4b71-9b48-2e68ffb1ddfc-36</OfferItemID><Service><ServiceDefinitionRefID>def0824628629</ServiceDefinitionRefID><ServiceID>id-v2-379ce394-1f3e-4b15-9e42-a2ea013addfd-a1fd7ec6-87ed-4b71-9b48-2e68ffb1ddfc-36</ServiceID></Service><UnitPrice><BaseAmount CurCode="AUD">0.00</BaseAmount><TaxSummary><TotalTaxAmount CurCode="AUD">0.00</TotalTaxAmount></TaxSummary><TotalAmount CurCode="AUD">0.00</TotalAmount></UnitPrice></OfferItem><OwnerCode>JQ</OwnerCode></ALaCarteOffer><Offer><JourneyOverview><JourneyPriceClass><PaxJourneyRefID>fl1010941169</PaxJourneyRefID><PriceClassRefID>pc1428475225</PriceClassRefID></JourneyPriceClass></JourneyOverview><OfferExpirationTimeLimitDateTime>2026-01-10T01:40:08.8947383Z</OfferExpirationTimeLimitDateTime><OfferID>id-v2-379ce394-1f3e-4b15-9e42-a2ea013addfd-o-1</OfferID><OfferItem><FareDetail><FareComponent><CabinType><CabinTypeCode>5</CabinTypeCode><CabinTypeName>Economy</CabinTypeName></CabinType><FareBasisCode>ELECOE5</FareBasisCode><PaxSegmentRefID>seg1010941169</PaxSegmentRefID><PriceClassRefID>pc1428475225</PriceClassRefID><RBD><RBD_Code>E5</RBD_Code></RBD></FareComponent><PaxRefID>ADT0</PaxRefID><Price><BaseAmount CurCode="AUD">104.31</BaseAmount><TaxSummary><Tax><Amount CurCode="AUD">128.51</Amount></Tax><TotalTaxAmount CurCode="AUD">128.51</TotalTaxAmount></TaxSummary><TotalAmount CurCode="AUD">232.82</TotalAmount></Price></FareDetail><MandatoryInd>true</MandatoryInd><OfferItemID>id-v2-379ce394-1f3e-4b15-9e42-a2ea013addfd-o-1-1</OfferItemID><Price><BaseAmount CurCode="AUD">104.31</BaseAmount><TaxSummary><Tax><Amount CurCode="AUD">128.51</Amount></Tax><TotalTaxAmount CurCode="AUD">128.51</TotalTaxAmount></TaxSummary><TotalAmount CurCode="AUD">232.82</TotalAmount></Price><Service><OfferServiceAssociation><PaxJourneyRef><PaxJourneyRefID>fl1010941169</PaxJourneyRefID></PaxJourneyRef></OfferServiceAssociation><PaxRefID>ADT0</PaxRefID><ServiceID>svc1044994650</ServiceID></Service></OfferItem><OwnerCode>JQ</OwnerCode><TotalPrice><TotalAmount CurCode="AUD">232.82</TotalAmount></TotalPrice></Offer><Offer><JourneyOverview><JourneyPriceClass><PaxJourneyRefID>fl1740642493</PaxJourneyRefID><PriceClassRefID>pc1428475225</PriceClassRefID></JourneyPriceClass></JourneyOverview><OfferExpirationTimeLimitDateTime>2026-01-10T01:40:08.8947383Z</OfferExpirationTimeLimitDateTime><OfferID>id-v2-379ce394-1f3e-4b15-9e42-a2ea013addfd-o-2</OfferID><OfferItem><FareDetail><FareComponent><CabinType><CabinTypeCode>5</CabinTypeCode><CabinTypeName>Economy</CabinTypeName></CabinType><FareBasisCode>ELECOE5</FareBasisCode><PaxSegmentRefID>seg1740642493</PaxSegmentRefID><PriceClassRefID>pc1428475225</PriceClassRefID><RBD><RBD_Code>E5</RBD_Code></RBD></FareComponent><PaxRefID>ADT0</PaxRefID><Price><BaseAmount CurCode="AUD">125.31</BaseAmount><TaxSummary><Tax><Amount CurCode="AUD">128.51</Amount></Tax><TotalTaxAmount CurCode="AUD">128.51</TotalTaxAmount></TaxSummary><TotalAmount CurCode="AUD">253.82</TotalAmount></Price></FareDetail><MandatoryInd>true</MandatoryInd><OfferItemID>id-v2-379ce394-1f3e-4b15-9e42-a2ea013addfd-o-2-1</OfferItemID><Price><BaseAmount CurCode="AUD">125.31</BaseAmount><TaxSummary><Tax><Amount CurCode="AUD">128.51</Amount></Tax><TotalTaxAmount CurCode="AUD">128.51</TotalTaxAmount></TaxSummary><TotalAmount CurCode="AUD">253.82</TotalAmount></Price><Service><OfferServiceAssociation><PaxJourneyRef><PaxJourneyRefID>fl1740642493</PaxJourneyRefID></PaxJourneyRef></OfferServiceAssociation><PaxRefID>ADT0</PaxRefID><ServiceID>svc1295380166</ServiceID></Service></OfferItem><OwnerCode>JQ</OwnerCode><TotalPrice><TotalAmount CurCode="AUD">253.82</TotalAmount></TotalPrice></Offer><Offer><JourneyOverview><JourneyPriceClass><PaxJourneyRefID>fl792301151</PaxJourneyRefID><PriceClassRefID>pc0738722541</PriceClassRefID></JourneyPriceClass></JourneyOverview><OfferExpirationTimeLimitDateTime>2026-01-10T01:40:08.8947383Z</OfferExpirationTimeLimitDateTime><OfferID>id-v2-379ce394-1f3e-4b15-9e42-a2ea013addfd-o-3</OfferID><OfferItem><FareDetail><FareComponent><CabinType><CabinTypeCode>5</CabinTypeCode><CabinTypeName>Economy</CabinTypeName></CabinType><FareBasisCode>MLECOM</FareBasisCode><PaxSegmentRefID>seg792301151</PaxSegmentRefID><PriceClassRefID>pc0738722541</PriceClassRefID><RBD><RBD_Code>M</RBD_Code></RBD></FareComponent><PaxRefID>ADT0</PaxRefID><Price><BaseAmount CurCode="AUD">433.31</BaseAmount><TaxSummary><Tax><Amount CurCode="AUD">128.51</Amount></Tax><TotalTaxAmount CurCode="AUD">128.51</TotalTaxAmount></TaxSummary><TotalAmount CurCode="AUD">561.82</TotalAmount></Price></FareDetail><MandatoryInd>true</MandatoryInd><OfferItemID>id-v2-379ce394-1f3e-4b15-9e42-a2ea013addfd-o-3-1</OfferItemID><Price><BaseAmount CurCode="AUD">433.31</BaseAmount><TaxSummary><Tax><Amount CurCode="AUD">128.51</Amount></Tax><TotalTaxAmount CurCode="AUD">128.51</TotalTaxAmount></TaxSummary><TotalAmount CurCode="AUD">561.82</TotalAmount></Price><Service><OfferServiceAssociation><PaxJourneyRef><PaxJourneyRefID>fl792301151</PaxJourneyRefID></PaxJourneyRef></OfferServiceAssociation><PaxRefID>ADT0</PaxRefID><ServiceID>svc01059606234</ServiceID></Service></OfferItem><OwnerCode>JQ</OwnerCode><TotalPrice><TotalAmount CurCode="AUD">561.82</TotalAmount></TotalPrice></Offer><Offer><JourneyOverview><JourneyPriceClass><PaxJourneyRefID>fl1457592696</PaxJourneyRefID><PriceClassRefID>pc0738722541</PriceClassRefID></JourneyPriceClass></JourneyOverview><OfferExpirationTimeLimitDateTime>2026-01-10T01:40:08.8947383Z</OfferExpirationTimeLimitDateTime><OfferID>id-v2-379ce394-1f3e-4b15-9e42-a2ea013addfd-o-4</OfferID><OfferItem><FareDetail><FareComponent><CabinType><CabinTypeCode>5</CabinTypeCode><CabinTypeName>Economy</CabinTypeName></CabinType><FareBasisCode>MLECOM</FareBasisCode><PaxSegmentRefID>seg1270655720</PaxSegmentRefID><PaxSegmentRefID>seg628363440</PaxSegmentRefID><PriceClassRefID>pc0738722541</PriceClassRefID><RBD><RBD_Code>M</RBD_Code></RBD></FareComponent><PaxRefID>ADT0</PaxRefID><Price><BaseAmount CurCode="AUD">484.76</BaseAmount><TaxSummary><Tax><Amount CurCode="AUD">113.77</Amount></Tax><TotalTaxAmount CurCode="AUD">113.77</TotalTaxAmount></TaxSummary><TotalAmount CurCode="AUD">598.53</TotalAmount></Price></FareDetail><MandatoryInd>true</MandatoryInd><OfferItemID>id-v2-379ce394-1f3e-4b15-9e42-a2ea013addfd-o-4-1</OfferItemID><Price><BaseAmount CurCode="AUD">484.76</BaseAmount><TaxSummary><Tax><Amount CurCode="AUD">113.77</Amount></Tax><TotalTaxAmount CurCode="AUD">113.77</TotalTaxAmount></TaxSummary><TotalAmount CurCode="AUD">598.53</TotalAmount></Price><Service><OfferServiceAssociation><PaxJourneyRef><PaxJourneyRefID>fl1457592696</PaxJourneyRefID></PaxJourneyRef></OfferServiceAssociation><PaxRefID>ADT0</PaxRefID><ServiceID>svc01647429709</ServiceID></Service></OfferItem><OwnerCode>JQ</OwnerCode><TotalPrice><TotalAmount CurCode="AUD">598.53</TotalAmount></TotalPrice></Offer><Offer><JourneyOverview><JourneyPriceClass><PaxJourneyRefID>fl02145022940</PaxJourneyRefID><PriceClassRefID>pc0738722541</PriceClassRefID></JourneyPriceClass></JourneyOverview><OfferExpirationTimeLimitDateTime>2026-01-10T01:40:08.8947383Z</OfferExpirationTimeLimitDateTime><OfferID>id-v2-379ce394-1f3e-4b15-9e42-a2ea013addfd-o-5</OfferID><OfferItem><FareDetail><FareComponent><CabinType><CabinTypeCode>5</CabinTypeCode><CabinTypeName>Economy</CabinTypeName></CabinType><FareBasisCode>MLECOM</FareBasisCode><PaxSegmentRefID>seg01475155996</PaxSegmentRefID><PaxSegmentRefID>seg628363440</PaxSegmentRefID><PriceClassRefID>pc0738722541</PriceClassRefID><RBD><RBD_Code>M</RBD_Code></RBD></FareComponent><PaxRefID>ADT0</PaxRefID><Price><BaseAmount CurCode="AUD">484.76</BaseAmount><TaxSummary><Tax><Amount CurCode="AUD">113.77</Amount></Tax><TotalTaxAmount CurCode="AUD">113.77</TotalTaxAmount></TaxSummary><TotalAmount CurCode="AUD">598.53</TotalAmount></Price></FareDetail><MandatoryInd>true</MandatoryInd><OfferItemID>id-v2-379ce394-1f3e-4b15-9e42-a2ea013addfd-o-5-1</OfferItemID><Price><BaseAmount CurCode="AUD">484.76</BaseAmount><TaxSummary><Tax><Amount CurCode="AUD">113.77</Amount></Tax><TotalTaxAmount CurCode="AUD">113.77</TotalTaxAmount></TaxSummary><TotalAmount CurCode="AUD">598.53</TotalAmount></Price><Service><OfferServiceAssociation><PaxJourneyRef><PaxJourneyRefID>fl02145022940</PaxJourneyRefID></PaxJourneyRef></OfferServiceAssociation><PaxRefID>ADT0</PaxRefID><ServiceID>svc1707670411</ServiceID></Service></OfferItem><OwnerCode>JQ</OwnerCode><TotalPrice><TotalAmount CurCode="AUD">598.53</TotalAmount></TotalPrice></Offer><Offer><JourneyOverview><JourneyPriceClass><PaxJourneyRefID>fl01582838939</PaxJourneyRefID><PriceClassRefID>pc821472179</PriceClassRefID></JourneyPriceClass></JourneyOverview><OfferExpirationTimeLimitDateTime>2026-01-10T01:40:08.8947383Z</OfferExpirationTimeLimitDateTime><OfferID>id-v2-379ce394-1f3e-4b15-9e42-a2ea013addfd-o-6</OfferID><OfferItem><FareDetail><FareComponent><CabinType><CabinTypeCode>5</CabinTypeCode><CabinTypeName>Economy</CabinTypeName></CabinType><FareBasisCode>ELECOE4</FareBasisCode><PaxSegmentRefID>seg426731521</PaxSegmentRefID><PaxSegmentRefID>seg0798784792</PaxSegmentRefID><PriceClassRefID>pc821472179</PriceClassRefID><RBD><RBD_Code>E4</RBD_Code></RBD></FareComponent><PaxRefID>ADT0</PaxRefID><Price><BaseAmount CurCode="AUD">780.31</BaseAmount><TaxSummary><Tax><Amount CurCode="AUD">141.76</Amount></Tax><TotalTaxAmount CurCode="AUD">141.76</TotalTaxAmount></TaxSummary><TotalAmount CurCode="AUD">922.07</TotalAmount></Price></FareDetail><MandatoryInd>true</MandatoryInd><OfferItemID>id-v2-379ce394-1f3e-4b15-9e42-a2ea013addfd-o-6-1</OfferItemID><Price><BaseAmount CurCode="AUD">780.31</BaseAmount><TaxSummary><Tax><Amount CurCode="AUD">141.76</Amount></Tax><TotalTaxAmount CurCode="AUD">141.76</TotalTaxAmount></TaxSummary><TotalAmount CurCode="AUD">922.07</TotalAmount></Price><Service><OfferServiceAssociation><PaxJourneyRef><PaxJourneyRefID>fl01582838939</PaxJourneyRefID></PaxJourneyRef></OfferServiceAssociation><PaxRefID>ADT0</PaxRefID><ServiceID>svc0850720434</ServiceID></Service></OfferItem><OwnerCode>JQ</OwnerCode><TotalPrice><TotalAmount CurCode="AUD">922.07</TotalAmount></TotalPrice></Offer><Offer><JourneyOverview><JourneyPriceClass><PaxJourneyRefID>fl2033916944</PaxJourneyRefID><PriceClassRefID>pc1428475225</PriceClassRefID></JourneyPriceClass></JourneyOverview><OfferExpirationTimeLimitDateTime>2026-01-10T01:40:08.8947383Z</OfferExpirationTimeLimitDateTime><OfferID>id-v2-379ce394-1f3e-4b15-9e42-a2ea013addfd-o-7</OfferID><OfferItem><FareDetail><FareComponent><CabinType><CabinTypeCode>5</CabinTypeCode><CabinTypeName>Economy</CabinTypeName></CabinType><FareBasisCode>ELECOE5</FareBasisCode><PaxSegmentRefID>seg934701929</PaxSegmentRefID><PaxSegmentRefID>seg01372416016</PaxSegmentRefID><PaxSegmentRefID>seg1675402097</PaxSegmentRefID><PriceClassRefID>pc1428475225</PriceClassRefID><RBD><RBD_Code>E5</RBD_Code></RBD></FareComponent><PaxRefID>ADT0</PaxRefID><Price><BaseAmount CurCode="AUD">863.11</BaseAmount><TaxSummary><Tax><Amount CurCode="AUD">152.14</Amount></Tax><TotalTaxAmount CurCode="AUD">152.14</TotalTaxAmount></TaxSummary><TotalAmount CurCode="AUD">1015.25</TotalAmount></Price></FareDetail><MandatoryInd>true</MandatoryInd><OfferItemID>id-v2-379ce394-1f3e-4b15-9e42-a2ea013addfd-o-7-1</OfferItemID><Price><BaseAmount CurCode="AUD">863.11</BaseAmount><TaxSummary><Tax><Amount CurCode="AUD">152.14</Amount></Tax><TotalTaxAmount CurCode="AUD">152.14</TotalTaxAmount></TaxSummary><TotalAmount CurCode="AUD">1015.25</TotalAmount></Price><Service><OfferServiceAssociation><PaxJourneyRef><PaxJourneyRefID>fl2033916944</PaxJourneyRefID></PaxJourneyRef></OfferServiceAssociation><PaxRefID>ADT0</PaxRefID><ServiceID>svc01767603583</ServiceID></Service></OfferItem><OwnerCode>JQ</OwnerCode><TotalPrice><TotalAmount CurCode="AUD">1015.25</TotalAmount></TotalPrice></Offer><Offer><JourneyOverview><JourneyPriceClass><PaxJourneyRefID>fl01854133298</PaxJourneyRefID><PriceClassRefID>pc2042014924</PriceClassRefID></JourneyPriceClass></JourneyOverview><OfferExpirationTimeLimitDateTime>2026-01-10T01:40:08.8947383Z</OfferExpirationTimeLimitDateTime><OfferID>id-v2-379ce394-1f3e-4b15-9e42-a2ea013addfd-o-8</OfferID><OfferItem><FareDetail><FareComponent><CabinType><CabinTypeCode>5</CabinTypeCode><CabinTypeName>Economy</CabinTypeName></CabinType><FareBasisCode>HLECOH</FareBasisCode><PaxSegmentRefID>seg01854133298</PaxSegmentRefID><PriceClassRefID>pc2042014924</PriceClassRefID><RBD><RBD_Code>H</RBD_Code></RBD></FareComponent><PaxRefID>ADT0</PaxRefID><Price><BaseAmount CurCode="AUD">304.31</BaseAmount><TaxSummary><Tax><Amount CurCode="AUD">122.26</Amount></Tax><TotalTaxAmount CurCode="AUD">122.26</TotalTaxAmount></TaxSummary><TotalAmount CurCode="AUD">426.57</TotalAmount></Price></FareDetail><MandatoryInd>true</MandatoryInd><OfferItemID>id-v2-379ce394-1f3e-4b15-9e42-a2ea013addfd-o-8-1</OfferItemID><Price><BaseAmount CurCode="AUD">304.31</BaseAmount><TaxSummary><Tax><Amount CurCode="AUD">122.26</Amount></Tax><TotalTaxAmount CurCode="AUD">122.26</TotalTaxAmount></TaxSummary><TotalAmount CurCode="AUD">426.57</TotalAmount></Price><Service><OfferServiceAssociation><PaxJourneyRef><PaxJourneyRefID>fl01854133298</PaxJourneyRefID></PaxJourneyRef></OfferServiceAssociation><PaxRefID>ADT0</PaxRefID><ServiceID>svc0220711381</ServiceID></Service></OfferItem><OwnerCode>JQ</OwnerCode><TotalPrice><TotalAmount CurCode="AUD">426.57</TotalAmount></TotalPrice></Offer><Offer><JourneyOverview><JourneyPriceClass><PaxJourneyRefID>fl34748140</PaxJourneyRefID><PriceClassRefID>pc0738722541</PriceClassRefID></JourneyPriceClass></JourneyOverview><OfferExpirationTimeLimitDateTime>2026-01-10T01:40:08.8947383Z</OfferExpirationTimeLimitDateTime><OfferID>id-v2-379ce394-1f3e-4b15-9e42-a2ea013addfd-o-9</OfferID><OfferItem><FareDetail><FareComponent><CabinType><CabinTypeCode>5</CabinTypeCode><CabinTypeName>Economy</CabinTypeName></CabinType><FareBasisCode>MLECOM</FareBasisCode><PaxSegmentRefID>seg34748140</PaxSegmentRefID><PriceClassRefID>pc0738722541</PriceClassRefID><RBD><RBD_Code>M</RBD_Code></RBD></FareComponent><PaxRefID>ADT0</PaxRefID><Price><BaseAmount CurCode="AUD">433.31</BaseAmount><TaxSummary><Tax><Amount CurCode="AUD">122.26</Amount></Tax><TotalTaxAmount CurCode="AUD">122.26</TotalTaxAmount></TaxSummary><TotalAmount CurCode="AUD">555.57</TotalAmount></Price></FareDetail><MandatoryInd>true</MandatoryInd><OfferItemID>id-v2-379ce394-1f3e-4b15-9e42-a2ea013addfd-o-9-1</OfferItemID><Price><BaseAmount CurCode="AUD">433.31</BaseAmount><TaxSummary><Tax><Amount CurCode="AUD">122.26</Amount></Tax><TotalTaxAmount CurCode="AUD">122.26</TotalTaxAmount></TaxSummary><TotalAmount CurCode="AUD">555.57</TotalAmount></Price><Service><OfferServiceAssociation><PaxJourneyRef><PaxJourneyRefID>fl34748140</PaxJourneyRefID></PaxJourneyRef></OfferServiceAssociation><PaxRefID>ADT0</PaxRefID><ServiceID>svc2051645326</ServiceID></Service></OfferItem><OwnerCode>JQ</OwnerCode><TotalPrice><TotalAmount CurCode="AUD">555.57</TotalAmount></TotalPrice></Offer></CarrierOffers></OffersGroup></Response><PayloadAttributes><CorrelationID xmlns="http://www.iata.org/IATA/2015/EASD/00/IATA_OffersAndOrdersCommonTypes">10ebaa05-5876-4541-b934-2dcae9c7a584</CorrelationID><Timestamp xmlns="http://www.iata.org/IATA/2015/EASD/00/IATA_OffersAndOrdersCommonTypes">2026-01-10T01:20:08.9124253Z</Timestamp><VersionNumber xmlns="http://www.iata.org/IATA/2015/EASD/00/IATA_OffersAndOrdersCommonTypes">21.3</VersionNumber></PayloadAttributes></IATA_AirShoppingRS>