<IATA_OfferPriceRS xmlns:xsi="http://www.w3.org/2001/XMLSchema-instance" xmlns:xsd="http://www.w3.org/2001/XMLSchema" xmlns="http://www.iata.org/IATA/2015/EASD/00/IATA_OffersAndOrdersMessage"><Response><DataLists xmlns="http://www.iata.org/IATA/2015/EASD/00/IATA_OffersAndOrdersCommonTypes"><DatedMarketingSegmentList><DatedMarketingSegment><Arrival><AircraftScheduledDateTime>2026-01-11T22:20:00</AircraftScheduledDateTime><IATA_LocationCode>SYD</IATA_LocationCode></Arrival><CarrierDesigCode>JQ</CarrierDesigCode><DatedMarketingSegmentId>Mkt-seg934701929</DatedMarketingSegmentId><DatedOperatingSegmentRefId>Opr-seg934701929</DatedOperatingSegmentRefId><Dep><AircraftScheduledDateTime>2026-01-11T20:55:00</AircraftScheduledDateTime><IATA_LocationCode>AVV</IATA_LocationCode></Dep><MarketingCarrierFlightNumberText>612</MarketingCarrierFlightNumberText></DatedMarketingSegment><DatedMarketingSegment><Arrival><AircraftScheduledDateTime>2026-01-12T09:55:00</AircraftScheduledDateTime><IATA_LocationCode>DPS</IATA_LocationCode></Arrival><CarrierDesigCode>JQ</CarrierDesigCode><DatedMarketingSegmentId>Mkt-seg01372416016</DatedMarketingSegmentId><DatedOperatingSegmentRefId>Opr-seg01372416016</DatedOperatingSegmentRefId><Dep><AircraftScheduledDateTime>2026-01-12T06:35:00</AircraftScheduledDateTime><IATA_LocationCode>SYD</IATA_LocationCode></Dep><MarketingCarrierFlightNumberText>39</MarketingCarrierFlightNumberText></DatedMarketingSegment><DatedMarketingSegment><Arrival><AircraftScheduledDateTime>2026-01-12T18:00:00</AircraftScheduledDateTime><IATA_LocationCode>SIN</IATA_LocationCode></Arrival><CarrierDesigCode>JQ</CarrierDesigCode><DatedMarketingSegmentId>Mkt-seg1675402097</DatedMarketingSegmentId><DatedOperatingSegmentRefId>Opr-seg1675402097</DatedOperatingSegmentRefId><Dep><AircraftScheduledDateTime>2026-01-12T15:20:00</AircraftScheduledDateTime><IATA_LocationCode>DPS</IATA_LocationCode></Dep><MarketingCarrierFlightNumberText>43</MarketingCarrierFlightNumberText></DatedMarketingSegment><DatedMarketingSegment><Arrival><AircraftScheduledDateTime>2026-01-18T22:00:00</AircraftScheduledDateTime><IATA_LocationCode>MEL</IATA_LocationCode></Arrival><CarrierDesigCode>JQ</CarrierDesigCode><DatedMarketingSegmentId>Mkt-seg34748140</DatedMarketingSegmentId><DatedOperatingSegmentRefId>Opr-seg34748140</DatedOperatingSegmentRefId><Dep><AircraftScheduledDateTime>2026-01-18T10:00:00</AircraftScheduledDateTime><IATA_LocationCode>SIN</IATA_LocationCode></Dep><MarketingCarrierFlightNumberText>3</MarketingCarrierFlightNumberText></DatedMarketingSegment></DatedMarketingSegmentList><DatedOperatingLegList><DatedOperatingLeg><Arrival><AircraftScheduledDateTime>2026-01-11T22:20:00</AircraftScheduledDateTime><IATA_LocationCode>SYD</IATA_LocationCode></Arrival><CarrierAircraftType><CarrierAircraftTypeCode>32T</CarrierAircraftTypeCode></CarrierAircraftType><DatedOperatingLegID>seg934701929-leg0</DatedOperatingLegID><Dep><AircraftScheduledDateTime>2026-01-11T20:55:00</AircraftScheduledDateTime><IATA_LocationCode>AVV</IATA_LocationCode></Dep></DatedOperatingLeg><DatedOperatingLeg><Arrival><AircraftScheduledDateTime>2026-01-12T09:55:00</AircraftScheduledDateTime><IATA_LocationCode>DPS</IATA_LocationCode></Arrival><CarrierAircraftType><CarrierAircraftTypeCode>32F</CarrierAircraftTypeCode></CarrierAircraftType><DatedOperatingLegID>seg01372416016-leg0</DatedOperatingLegID><Dep><AircraftScheduledDateTime>2026-01-12T06:35:00</AircraftScheduledDateTime><IATA_LocationCode>SYD</IATA_LocationCode></Dep></DatedOperatingLeg><DatedOperatingLeg><Arrival><AircraftScheduledDateTime>2026-01-12T18:00:00</AircraftScheduledDateTime><IATA_LocationCode>SIN</IATA_LocationCode></Arrival><CarrierAircraftType><CarrierAircraftTypeCode>32F</CarrierAircraftTypeCode></CarrierAircraftType><DatedOperatingLegID>seg1675402097-leg0</DatedOperatingLegID><Dep><AircraftScheduledDateTime>2026-01-12T15:20:00</AircraftScheduledDateTime><IATA_LocationCode>DPS</IATA_LocationCode></Dep></DatedOperatingLeg><DatedOperatingLeg><Arrival><AircraftScheduledDateTime>2026-01-18T20:00:00</AircraftScheduledDateTime><IATA_LocationCode>SYD</IATA_LocationCode></Arrival><CarrierAircraftType><CarrierAircraftTypeCode>788-787</CarrierAircraftTypeCode></CarrierAircraftType><DatedOperatingLegID>seg34748140-leg0</DatedOperatingLegID><Dep><AircraftScheduledDateTime>2026-01-18T10:00:00</AircraftScheduledDateTime><IATA_LocationCode>SIN</IATA_LocationCode></Dep></DatedOperatingLeg><DatedOperatingLeg><Arrival><AircraftScheduledDateTime>2026-01-18T22:00:00</AircraftScheduledDateTime><IATA_LocationCode>MEL</IATA_LocationCode></Arrival><CarrierAircraftType><CarrierAircraftTypeCode>788-787</CarrierAircraftTypeCode></CarrierAircraftType><DatedOperatingLegID>seg34748140-leg1</DatedOperatingLegID><Dep><AircraftScheduledDateTime>2026-01-18T21:00:00</AircraftScheduledDateTime><IATA_LocationCode>SYD</IATA_LocationCode></Dep></DatedOperatingLeg></DatedOperatingLegList><DatedOperatingSegmentList><DatedOperatingSegment><CarrierDesigCode>JQ</CarrierDesigCode><DatedOperatingLegRefID>seg934701929-leg0</DatedOperatingLegRefID><DatedOperatingSegmentId>Opr-seg934701929</DatedOperatingSegmentId><Duration>PT1H25M</Duration><OperatingCarrierFlightNumberText>612</OperatingCarrierFlightNumberText></DatedOperatingSegment><DatedOperatingSegment><CarrierDesigCode>JQ</CarrierDesigCode><DatedOperatingLegRefID>seg01372416016-leg0</DatedOperatingLegRefID><DatedOperatingSegmentId>Opr-seg01372416016</DatedOperatingSegmentId><Duration>PT6H20M</Duration><OperatingCarrierFlightNumberText>39</OperatingCarrierFlightNumberText></DatedOperatingSegment><DatedOperatingSegment><CarrierDesigCode>JQ</CarrierDesigCode><DatedOperatingLegRefID>seg1675402097-leg0</DatedOperatingLegRefID><DatedOperatingSegmentId>Opr-seg1675402097</DatedOperatingSegmentId><Duration>PT2H40M</Duration><OperatingCarrierFlightNumberText>43</OperatingCarrierFlightNumberText></DatedOperatingSegment><DatedOperatingSegment><CarrierDesigCode>JQ</CarrierDesigCode><DatedOperatingLegRefID>seg34748140-leg0</DatedOperatingLegRefID><DatedOperatingLegRefID>seg34748140-leg1</DatedOperatingLegRefID><DatedOperatingSegmentId>Opr-seg34748140</DatedOperatingSegmentId><Duration>PT9H</Duration><OperatingCarrierFlightNumberText>3</OperatingCarrierFlightNumberText></DatedOperatingSegment></DatedOperatingSegmentList><PaxJourneyList><PaxJourney><Duration>P1DT5M</Duration><PaxJourneyID>fl2033916944</PaxJourneyID><PaxSegmentRefID>seg934701929</PaxSegmentRefID><PaxSegmentRefID>seg01372416016</PaxSegmentRefID><PaxSegmentRefID>seg1675402097</PaxSegmentRefID></PaxJourney><PaxJourney><Duration>PT9H</Duration><PaxJourneyID>fl34748140</PaxJourneyID><PaxSegmentRefID>seg34748140</PaxSegmentRefID></PaxJourney></PaxJourneyList><PaxList><Pax><PaxID>ADT0</PaxID><PTC>ADT</PTC></Pax></PaxList><PaxSegmentList><PaxSegment><CabinTypeAssociationChoice><SegmentCabinType><CabinTypeCode>5</CabinTypeCode><CabinTypeName>Economy</CabinTypeName></SegmentCabinType></CabinTypeAssociationChoice><DatedMarketingSegmentRefId>Mkt-seg934701929</DatedMarketingSegmentRefId><PaxSegmentID>seg934701929</PaxSegmentID></PaxSegment><PaxSegment><CabinTypeAssociationChoice><SegmentCabinType><CabinTypeCode>5</CabinTypeCode><CabinTypeName>Economy</CabinTypeName></SegmentCabinType></CabinTypeAssociationChoice><DatedMarketingSegmentRefId>Mkt-seg01372416016</DatedMarketingSegmentRefId><PaxSegmentID>seg01372416016</PaxSegmentID></PaxSegment><PaxSegment><CabinTypeAssociationChoice><SegmentCabinType><CabinTypeCode>5</CabinTypeCode><CabinTypeName>Economy</CabinTypeName></SegmentCabinType></CabinTypeAssociationChoice><DatedMarketingSegmentRefId>Mkt-seg1675402097</DatedMarketingSegmentRefId><PaxSegmentID>seg1675402097</PaxSegmentID></PaxSegment><PaxSegment><CabinTypeAssociationChoice><SegmentCabinType><CabinTypeCode>5</CabinTypeCode><CabinTypeName>Economy</CabinTypeName></SegmentCabinType></CabinTypeAssociationChoice><DatedMarketingSegmentRefId>Mkt-seg34748140</DatedMarketingSegmentRefId><PaxSegmentID>seg34748140</PaxSegmentID></PaxSegment></PaxSegmentList><PriceClassList><PriceClass><Code>S3</Code><Desc><DescText>Starter</DescText></Desc><FareBasisCode>ELECOE5</FareBasisCode><Name>Starter</Name><PriceClassID>pc1428475225</PriceClassID></PriceClass><PriceClass><Code>S3</Code><Desc><DescText>Starter</DescText></Desc><FareBasisCode>MLECOM</FareBasisCode><Name>Starter</Name><PriceClassID>pc0738722541</PriceClassID></PriceClass></PriceClassList><ServiceDefinitionList><ServiceDefinition><Desc><DescText>Flex 2 (F202) JQLHI</DescText></Desc><Desc><DescText>Chargeable</DescText><MarkupStyleText>FreeOrChargeable</MarkupStyleText></Desc><Name>FLEX 2</Name><OwnerCode>JQ</OwnerCode><RFIC>G</RFIC><RFISC>0L8</RFISC><ServiceCode>F202</ServiceCode><ServiceDefinitionAssociation><ServiceBundle><MaximumServiceQty>1</MaximumServiceQty><ServiceDefinitionRefID>def001087402306</ServiceDefinitionRefID><ServiceDefinitionRefID>def001376101901</ServiceDefinitionRefID><ServiceDefinitionRefID>def002134802699</ServiceDefinitionRefID><ServiceDefinitionRefID>def00733269913</ServiceDefinitionRefID><ServiceDefinitionRefID>def01953805754</ServiceDefinitionRefID><ServiceDefinitionRefID>def0241853822</ServiceDefinitionRefID><ServiceDefinitionRefID>def0723486830</ServiceDefinitionRefID><ServiceDefinitionRefID>def0905037721</ServiceDefinitionRefID></ServiceBundle></ServiceDefinitionAssociation><ServiceDefinitionID>def001168644495</ServiceDefinitionID></ServiceDefinition><ServiceDefinition><Desc><DescText>Date and Time Change</DescText></Desc><Desc><DescText>Free</DescText><MarkupStyleText>FreeOrChargeable</MarkupStyleText></Desc><Name>Date and Time Change</Name><OwnerCode>JQ</OwnerCode><ServiceCode>DCHG</ServiceCode><ServiceDefinitionID>def001087402306</ServiceDefinitionID></ServiceDefinition><ServiceDefinition><Desc><DescText>Qantas Business Rewards (Flex / Flex Plus Bundle)</DescText></Desc><Desc><DescText>Free</DescText><MarkupStyleText>FreeOrChargeable</MarkupStyleText></Desc><Name>Qantas Business Rewards (Flex / Flex Plus Bundle)</Name><OwnerCode>JQ</OwnerCode><ServiceCode>QBRB</ServiceCode><ServiceDefinitionID>def001376101901</ServiceDefinitionID></ServiceDefinition><ServiceDefinition><Desc><DescText>Any Available Seat (Flex Plus Bundle)</DescText></Desc><Desc><DescText>Free</DescText><MarkupStyleText>FreeOrChargeable</MarkupStyleText></Desc><Name>Any Available Seat (Flex Plus Bundle)</Name><OwnerCode>JQ</OwnerCode><ServiceCode>FXS2</ServiceCode><ServiceDefinitionID>def002134802699</ServiceDefinitionID></ServiceDefinition><ServiceDefinition><Desc><DescText>Cancel Flight for a Voucher</DescText></Desc><Desc><DescText>Free</DescText><MarkupStyleText>FreeOrChargeable</MarkupStyleText></Desc><Name>Cancel Flight for a Voucher</Name><OwnerCode>JQ</OwnerCode><ServiceCode>CVHR</ServiceCode><ServiceDefinitionID>def00733269913</ServiceDefinitionID></ServiceDefinition><ServiceDefinition><Desc><DescText>Free Same Day Change</DescText></Desc><Desc><DescText>Free</DescText><MarkupStyleText>FreeOrChargeable</MarkupStyleText></Desc><Name>Free Same Day Change</Name><OwnerCode>JQ</OwnerCode><ServiceCode>SDCH</ServiceCode><ServiceDefinitionID>def01953805754</ServiceDefinitionID></ServiceDefinition><ServiceDefinition><Desc><DescText>Passenger Loyalty Program</DescText></Desc><Desc><DescText>Free</DescText><MarkupStyleText>FreeOrChargeable</MarkupStyleText></Desc><Name>Passenger Loyalty Program</Name><OwnerCode>JQ</OwnerCode><RFIC>G</RFIC><RFISC>000</RFISC><ServiceCode>LOYT</ServiceCode><ServiceDefinitionID>def0241853822</ServiceDefinitionID></ServiceDefinition><ServiceDefinition><Desc><DescText>Flex (New)</DescText></Desc><Desc><DescText>Chargeable</DescText><MarkupStyleText>FreeOrChargeable</MarkupStyleText></Desc><Name>Flex (New)</Name><OwnerCode>JQ</OwnerCode><RFIC>G</RFIC><RFISC>000</RFISC><ServiceCode>FLXN</ServiceCode><ServiceDefinitionID>def0723486830</ServiceDefinitionID></ServiceDefinition><ServiceDefinition><Desc><DescText>Meal Service 1</DescText></Desc><Desc><DescText>Free</DescText><MarkupStyleText>FreeOrChargeable</MarkupStyleText></Desc><Name>Meal Service 1</Name><OwnerCode>JQ</OwnerCode><RFIC>G</RFIC><RFISC>000</RFISC><ServiceCode>ML01</ServiceCode><ServiceDefinitionID>def0905037721</ServiceDefinitionID></ServiceDefinition></ServiceDefinitionList></DataLists><PricedOffer xmlns="http://www.iata.org/IATA/2015/EASD/00/IATA_OffersAndOrdersCommonTypes"><JourneyOverview><JourneyPriceClass><PaxJourneyRefID>fl2033916944</PaxJourneyRefID><PriceClassRefID>pc1428475225</PriceClassRefID></JourneyPriceClass><JourneyPriceClass><PaxJourneyRefID>fl34748140</PaxJourneyRefID><PriceClassRefID>pc0738722541</PriceClassRefID></JourneyPriceClass></JourneyOverview><OfferExpirationTimeLimitDateTime>2026-01-10T01:40:29.7120016Z</OfferExpirationTimeLimitDateTime><OfferID>sid-v2-70ed269e-cbc2-459f-a075-1e5b2a5d4313</OfferID><OfferItem><FareDetail><FareComponent><CabinType><CabinTypeCode>5</CabinTypeCode><CabinTypeName>Economy</CabinTypeName></CabinType><FareBasisAppCode>ELECOE5</FareBasisAppCode><FareBasisCode>ELECOE5</FareBasisCode><FareRule><Remark><RemarkText>Jetstar Starter Product InclusionsCarry on baggageOne main item of carry-on baggage and one other small item, with a total combined weight of up to 7kg. Checked baggageNot included, but can be purchased for a fee.Starter Fare RulesRefunds on fare and Jetstar add-onsNon-refundable, except in certain circumstances including under the Australian Consumer Law or Conditions of Carriage.Miss check-in deadline or fail to board within the required timeNon-refundable/loss of fare except in certain circumstances including under the Australian Consumer Law or Conditions of Carriage. Check your itinerary for strict check-in and boarding times.Time/Date ChangePermitted upon payment of the applicable Change Fee and Fare Difference within Change Deadline. No fees are payable where you are entitled to an alternative flight under the Australian Consumer Law or the Conditions of Carriage.Origin/Destination ChangesNot Permitted.An origin/destination change is when the place of departure or arrival of a booking is changed. This includes changing the date of an outbound flight so it would depart after the date of a return inbound flight.Passenger Name ChangesPermitted upon payment of the applicable Change Fee and Fare Difference within Change Deadline. Name changes can be made for an individual passenger on a booking, but must apply to all flights for that passenger. Name changes are not permitted for Qantas Frequent Flyer Points Plus Pay, Flight bookings on Jetstar or JAL Mileage bookings.Change Deadline and Point of ContactPermitted changes must be made before the original scheduled flight opens for check-in at the airport. Airport check in opening times are available on your Jetstar itinerary or here.Time and date changes can be made via Jetstar.com if original booking was made via Jetstar.com or Jetstar Call Centre. All changes can be made via Jetstar Call Centre or Jetstar counter at the airport and additional service fees apply if your booking was not originally made via the Jetstar Call Centre or Jetstar counter at the airport.Fees are subject to change and are applied at the rate current at time of change. For current fees see Fees and charges &amp;lt;https://www.jetstar.com/au/en/help/articles/fees-and-charges&amp;gt;.Change Fees and Fare DifferenceChange Fee applies per passenger, per flight. Fees are subject to change and are applied at the rate current at time of change. For current fees see Fees and charges &amp;lt;https://www.jetstar.com/au/en/help/articles/fees-and-charges&amp;gt;.Fare Difference applies per passenger, per flight. Your new fare will be at least the amount of the fare you originally booked and may be more. You cannot change to a lower fare. No refund will be applicable if a lower fare is available.Fare Difference is the difference (if any) between the fare or fare with bundle originally booked and an available fare or fare with bundle on the date of change which is at least the same fare or, if the same fare is not available, the next available higher fare. The Fare Difference may be substantial.Permitted Fare/Bundle ChangesSubject to payment of Change Fee and Fare Difference applicable at time of change, Starter fares can be changed to an available Starter, Starter Fare with Plus Bundle, Starter Fare with Max Bundle, Business Class Fare or Business Class Fare with Max Bundle.Re-bookingYou must re-book onto an available Jetstar flight. Jetstar does not hold open-dated bookings.CurrencyAll amounts will be charged in the currency you made your original booking.Earning Qantas and Status Credits, JAL Mileage and Emirates Skywards MilesQantas Points and Status Credits are not earned on Starter fares - except for Starter fares on New Zealand domestic flights. These bookings will earn Qantas Points at the Discount Economy rate. Status Credits cannot be earned on Starter fares. If you are travelling on a on a Jetstar New Zealand domestic flight that connects to an international Jetstar flight, you won’t earn Qantas Points or Status Credits unless you purchase a Starter Plus, Starter Max or Business Max bundle.Starter fares are not eligible to earn JAL Mileage or Emirates Skywards Miles.Qantas Frequent Flyer Flight Classic Upgrade RewardsStarter Fare is not eligible for Classic Upgrade Rewards.Qantas Frequent Flyer Points Plus Pay - Flights on Jetstar - Additional PaymentsAll changes or additions to your booking must be paid for with money and cannot be redeemed with Qantas Points.Changes or additions will be calculated by using the original monetary value of the fare (as determined by Jetstar) and as per the conditions listed in the Change Fee and Fare Difference section of these fare rules.</RemarkText></Remark></FareRule><PaxSegmentRefID>seg934701929</PaxSegmentRefID><PaxSegmentRefID>seg01372416016</PaxSegmentRefID><PaxSegmentRefID>seg1675402097</PaxSegmentRefID><PriceClassRefID>pc1428475225</PriceClassRefID><RBD><RBD_Code>E5</RBD_Code></RBD></FareComponent><PaxRefID>ADT0</PaxRefID><Price><BaseAmount CurCode="AUD">863.11</BaseAmount><Fee><Amount CurCode="AUD">5.00</Amount><DescText>TRAVEL_FEE - Indirect Markup</DescText><DesigText>IIM</DesigText></Fee><Fee><Amount CurCode="AUD">25.00</Amount><DescText>TRAVEL_FEE - Indirect Markup</DescText><DesigText>IIM</DesigText></Fee><Fee><Amount CurCode="AUD">10.25</Amount><DescText>TRAVEL_FEE - Indirect Markup</DescText><DesigText>IIM</DesigText></Fee><Fee><Amount CurCode="AUD">70.00</Amount><DescText>TRAVEL_FEE - Passenger Movement Charge</DescText><DesigText>AU</DesigText></Fee><Fee><Amount CurCode="AUD">41.89</Amount><DescText>TRAVEL_FEE - Passenger Services Charge</DescText><DesigText>WY</DesigText></Fee><TotalAmount CurCode="AUD">1015.25</TotalAmount></Price></FareDetail><MandatoryInd>true</MandatoryInd><OfferItemID>sid-v2-70ed269e-cbc2-459f-a075-1e5b2a5d4313-1</OfferItemID><PaymentTimeLimit><PaymentTimeLimitDuration><PaymentTimeLimitDuration>PT14M</PaymentTimeLimitDuration></PaymentTimeLimitDuration></PaymentTimeLimit><Price><BaseAmount CurCode="AUD">863.11</BaseAmount><Fee><Amount CurCode="AUD">5.00</Amount><DescText>TRAVEL_FEE - Indirect Markup</DescText><DesigText>IIM</DesigText></Fee><Fee><Amount CurCode="AUD">25.00</Amount><DescText>TRAVEL_FEE - Indirect Markup</DescText><DesigText>IIM</DesigText></Fee><Fee><Amount CurCode="AUD">10.25</Amount><DescText>TRAVEL_FEE - Indirect Markup</DescText><DesigText>IIM</DesigText></Fee><Fee><Amount CurCode="AUD">70.00</Amount><DescText>TRAVEL_FEE - Passenger Movement Charge</DescText><DesigText>AU</DesigText></Fee><Fee><Amount CurCode="AUD">41.89</Amount><DescText>TRAVEL_FEE - Passenger Services Charge</DescText><DesigText>WY</DesigText></Fee><TotalAmount CurCode="AUD">1015.25</TotalAmount></Price><Service><OfferServiceAssociation><PaxJourneyRef><PaxJourneyRefID>fl2033916944</PaxJourneyRefID></PaxJourneyRef></OfferServiceAssociation><PaxRefID>ADT0</PaxRefID><ServiceID>svc01785812458</ServiceID></Service></OfferItem><OfferItem><FareDetail><FareComponent><CabinType><CabinTypeCode>5</CabinTypeCode><CabinTypeName>Economy</CabinTypeName></CabinType><FareBasisAppCode>MLECOM</FareBasisAppCode><FareBasisCode>MLECOM</FareBasisCode><FareRule><Remark><RemarkText>Jetstar Starter Product InclusionsCarry on baggageOne main item of carry-on baggage and one other small item, with a total combined weight of up to 7kg. Checked baggageNot included, but can be purchased for a fee.Starter Fare RulesRefunds on fare and Jetstar add-onsNon-refundable, except in certain circumstances including under the Australian Consumer Law or Conditions of Carriage.Miss check-in deadline or fail to board within the required timeNon-refundable/loss of fare except in certain circumstances including under the Australian Consumer Law or Conditions of Carriage. Check your itinerary for strict check-in and boarding times.Time/Date ChangePermitted upon payment of the applicable Change Fee and Fare Difference within Change Deadline. No fees are payable where you are entitled to an alternative flight under the Australian Consumer Law or the Conditions of Carriage.Origin/Destination ChangesNot Permitted.An origin/destination change is when the place of departure or arrival of a booking is changed. This includes changing the date of an outbound flight so it would depart after the date of a return inbound flight.Passenger Name ChangesPermitted upon payment of the applicable Change Fee and Fare Difference within Change Deadline. Name changes can be made for an individual passenger on a booking, but must apply to all flights for that passenger. Name changes are not permitted for Qantas Frequent Flyer Points Plus Pay, Flight bookings on Jetstar or JAL Mileage bookings.Change Deadline and Point of ContactPermitted changes must be made before the original scheduled flight opens for check-in at the airport. Airport check in opening times are available on your Jetstar itinerary or here.Time and date changes can be made via Jetstar.com if original booking was made via Jetstar.com or Jetstar Call Centre. All changes can be made via Jetstar Call Centre or Jetstar counter at the airport and additional service fees apply if your booking was not originally made via the Jetstar Call Centre or Jetstar counter at the airport.Fees are subject to change and are applied at the rate current at time of change. For current fees see Fees and charges &amp;lt;https://www.jetstar.com/au/en/help/articles/fees-and-charges&amp;gt;.Change Fees and Fare DifferenceChange Fee applies per passenger, per flight. Fees are subject to change and are applied at the rate current at time of change. For current fees see Fees and charges &amp;lt;https://www.jetstar.com/au/en/help/articles/fees-and-charges&amp;gt;.Fare Difference applies per passenger, per flight. Your new fare will be at least the amount of the fare you originally booked and may be more. You cannot change to a lower fare. No refund will be applicable if a lower fare is available.Fare Difference is the difference (if any) between the fare or fare with bundle originally booked and an available fare or fare with bundle on the date of change which is at least the same fare or, if the same fare is not available, the next available higher fare. The Fare Difference may be substantial.Permitted Fare/Bundle ChangesSubject to payment of Change Fee and Fare Difference applicable at time of change, Starter fares can be changed to an available Starter, Starter Fare with Plus Bundle, Starter Fare with Max Bundle, Business Class Fare or Business Class Fare with Max Bundle.Re-bookingYou must re-book onto an available Jetstar flight. Jetstar does not hold open-dated bookings.CurrencyAll amounts will be charged in the currency you made your original booking.Earning Qantas and Status Credits, JAL Mileage and Emirates Skywards MilesQantas Points and Status Credits are not earned on Starter fares - except for Starter fares on New Zealand domestic flights. These bookings will earn Qantas Points at the Discount Economy rate. Status Credits cannot be earned on Starter fares. If you are travelling on a on a Jetstar New Zealand domestic flight that connects to an international Jetstar flight, you won’t earn Qantas Points or Status Credits unless you purchase a Starter Plus, Starter Max or Business Max bundle.Starter fares are not eligible to earn JAL Mileage or Emirates Skywards Miles.Qantas Frequent Flyer Flight Classic Upgrade RewardsStarter Fare is not eligible for Classic Upgrade Rewards.Qantas Frequent Flyer Points Plus Pay - Flights on Jetstar - Additional PaymentsAll changes or additions to your booking must be paid for with money and cannot be redeemed with Qantas Points.Changes or additions will be calculated by using the original monetary value of the fare (as determined by Jetstar) and as per the conditions listed in the Change Fee and Fare Difference section of these fare rules.</RemarkText></Remark></FareRule><PaxSegmentRefID>seg34748140</PaxSegmentRefID><PriceClassRefID>pc0738722541</PriceClassRefID><RBD><RBD_Code>M</RBD_Code></RBD></FareComponent><PaxRefID>ADT0</PaxRefID><Price><BaseAmount CurCode="AUD">433.31</BaseAmount><Fee><Amount CurCode="AUD">22.00</Amount><DescText>TRAVEL_FEE - Indirect Markup</DescText><DesigText>IIM</DesigText></Fee><Fee><Amount CurCode="AUD">12.30</Amount><DescText>TRAVEL_FEE - Airport Development Levy</DescText><DesigText>L7</DesigText></Fee><Fee><Amount CurCode="AUD">9.11</Amount><DescText>TRAVEL_FEE - Singapore Aviation Levy</DescText><DesigText>OP</DesigText></Fee><Fee><Amount CurCode="AUD">52.84</Amount><DescText>TRAVEL_FEE - Passenger Service and Security Fee</DescText><DesigText>SG</DesigText></Fee><Fee><Amount CurCode="AUD">26.01</Amount><DescText>TRAVEL_FEE - Passenger Services Charge</DescText><DesigText>WY</DesigText></Fee><TotalAmount CurCode="AUD">555.57</TotalAmount></Price></FareDetail><MandatoryInd>true</MandatoryInd><OfferItemID>sid-v2-70ed269e-cbc2-459f-a075-1e5b2a5d4313-2</OfferItemID><PaymentTimeLimit><PaymentTimeLimitDuration><PaymentTimeLimitDuration>PT14M</PaymentTimeLimitDuration></PaymentTimeLimitDuration></PaymentTimeLimit><Price><BaseAmount CurCode="AUD">433.31</BaseAmount><Fee><Amount CurCode="AUD">22.00</Amount><DescText>TRAVEL_FEE - Indirect Markup</DescText><DesigText>IIM</DesigText></Fee><Fee><Amount CurCode="AUD">12.30</Amount><DescText>TRAVEL_FEE - Airport Development Levy</DescText><DesigText>L7</DesigText></Fee><Fee><Amount CurCode="AUD">9.11</Amount><DescText>TRAVEL_FEE - Singapore Aviation Levy</DescText><DesigText>OP</DesigText></Fee><Fee><Amount CurCode="AUD">52.84</Amount><DescText>TRAVEL_FEE - Passenger Service and Security Fee</DescText><DesigText>SG</DesigText></Fee><Fee><Amount CurCode="AUD">26.01</Amount><DescText>TRAVEL_FEE - Passenger Services Charge</DescText><DesigText>WY</DesigText></Fee><TotalAmount CurCode="AUD">555.57</TotalAmount></Price><Service><OfferServiceAssociation><PaxJourneyRef><PaxJourneyRefID>fl34748140</PaxJourneyRefID></PaxJourneyRef></OfferServiceAssociation><PaxRefID>ADT0</PaxRefID><ServiceID>svc2065393908</ServiceID></Service></OfferItem><OfferItem><MandatoryInd>true</MandatoryInd><OfferItemID>sid-v2-70ed269e-cbc2-459f-a075-1e5b2a5d4313-3</OfferItemID><PaymentTimeLimit><PaymentTimeLimitDuration><PaymentTimeLimitDuration>PT14M</PaymentTimeLimitDuration></PaymentTimeLimitDuration></PaymentTimeLimit><Price><BaseAmount CurCode="AUD">163.00</BaseAmount><TotalAmount CurCode="AUD">163.00</TotalAmount></Price><Service><OfferServiceAssociation><ServiceDefinitionRef><OfferFlightAssociations><PaxJourneyRef><PaxJourneyRefID>fl2033916944</PaxJourneyRefID></PaxJourneyRef></OfferFlightAssociations><ServiceDefinitionRefID>def001168644495</ServiceDefinitionRefID></ServiceDefinitionRef></OfferServiceAssociation><PaxRefID>ADT0</PaxRefID><ServiceID>s-AVVSIN-JQ612-ADT0-F202</ServiceID></Service></OfferItem><OfferItem><MandatoryInd>true</MandatoryInd><OfferItemID>sid-v2-70ed269e-cbc2-459f-a075-1e5b2a5d4313-4</OfferItemID><PaymentTimeLimit><PaymentTimeLimitDuration><PaymentTimeLimitDuration>PT14M</PaymentTimeLimitDuration></PaymentTimeLimitDuration></PaymentTimeLimit><Price><BaseAmount CurCode="AUD">108.00</BaseAmount><TotalAmount CurCode="AUD">108.00</TotalAmount></Price><Service><OfferServiceAssociation><ServiceDefinitionRef><OfferFlightAssociations><PaxJourneyRef><PaxJourneyRefID>fl34748140</PaxJourneyRefID></PaxJourneyRef></OfferFlightAssociations><ServiceDefinitionRefID>def001168644495</ServiceDefinitionRefID></ServiceDefinitionRef></OfferServiceAssociation><PaxRefID>ADT0</PaxRefID><ServiceID>s-SINMEL-JQ3-ADT0-F202</ServiceID></Service></OfferItem><OwnerCode>JQ</OwnerCode><TotalPrice><TotalAmount CurCode="AUD">1841.82</TotalAmount></TotalPrice></PricedOffer></Response><PayloadAttributes><CorrelationID xmlns="http://www.iata.org/IATA/2015/EASD/00/IATA_OffersAndOrdersCommonTypes">dcfd8488-59bf-4438-9c97-46483011e3fd</CorrelationID><Timestamp xmlns="http://www.iata.org/IATA/2015/EASD/00/IATA_OffersAndOrdersCommonTypes">2026-01-10T01:20:29.9873809Z</Timestamp><VersionNumber xmlns="http://www.iata.org/IATA/2015/EASD/00/IATA_OffersAndOrdersCommonTypes">21.3</VersionNumber></PayloadAttributes></IATA_OfferPriceRS>