<?xml version="1.0" encoding="UTF-8"?>
<!-- ================================================================================ -->
<!-- NDC OfferPrice Request -->
<!-- Generated: 2026-01-10T01:20:31.288Z -->
<!-- Workflow Step: Step 4: Verify Total (Return + Services) -->
<!-- ================================================================================ -->
<!--  -->
<!-- SEARCH CRITERIA: -->
<!--   Route: VIZ → SIN -->
<!--   Departure: 2026-01-11 -->
<!--   Return: 2026-01-18 -->
<!--   Cabin: economy -->
<!--   Passengers: 1 Adult -->
<!--  -->
<!-- OUTBOUND FLIGHT SELECTED: -->
<!--   Route: VIZ → SIN
  Departure: 2026-01-11
  Bundle: FLEX 2 (F202)
  Fare Basis: ELECOE5
  OfferID: id-v2-379ce394-1f3e-4b15-9e42-a2ea013addfd-o-7
  BundleID: id-v2-379ce394-1f3e-4b15-9e42-a2ea013addfd-a1fd7ec6-87ed-4b71-9b48-2e68ffb1ddfc-25 -->
<!--  -->
<!-- INBOUND FLIGHT SELECTED: -->
<!--   Route: SIN → VIZ
  Departure: 2026-01-18
  Bundle: FLEX 2 (F202)
  Fare Basis: MLECOM
  OfferID: id-v2-379ce394-1f3e-4b15-9e42-a2ea013addfd-o-9
  BundleID: id-v2-379ce394-1f3e-4b15-9e42-a2ea013addfd-a1fd7ec6-87ed-4b71-9b48-2e68ffb1ddfc-33 -->
<!--  -->
<!-- REFERENCE IDs: -->
<!--   ShoppingResponseID: 379ce394-1f3e-4b15-9e42-a2ea013addfd -->
<!--  -->
<!-- CHANGES SINCE LAST STEP: -->
<!--   • Outbound bundle: FLEX 2 (F202) -->
<!--   • Inbound bundle: FLEX 2 (F202) -->
<!--  -->
<!-- ================================================================================ -->

<IATA_OfferPriceRQ xmlns="http://www.iata.org/IATA/2015/EASD/00/IATA_OffersAndOrdersMessage">
  
  <DistributionChain>
    
    <DistributionChainLink xmlns="http://www.iata.org/IATA/2015/EASD/00/IATA_OffersAndOrdersCommonTypes">
      <Ordinal>1</Ordinal>
      <OrgRole>Seller</OrgRole>
      <ParticipatingOrg>
        <n>Jetstar Test Agency</n>
        <OrgID>55778878</OrgID>
      </ParticipatingOrg>
    </DistributionChainLink>
  </DistributionChain>
  <Request>
    <PricedOffer xmlns="http://www.iata.org/IATA/2015/EASD/00/IATA_OffersAndOrdersCommonTypes">
      <SelectedOfferList>
        
        <SelectedOffer>
          <OfferRefID>id-v2-379ce394-1f3e-4b15-9e42-a2ea013addfd-o-7</OfferRefID>
          <OwnerCode>JQ</OwnerCode>
          
          <SelectedOfferItem>
            <OfferItemRefID>id-v2-379ce394-1f3e-4b15-9e42-a2ea013addfd-o-7-1</OfferItemRefID>
            <PaxRefID>ADT0</PaxRefID>
          </SelectedOfferItem>
        </SelectedOffer>
        <SelectedOffer>
          <OfferRefID>id-v2-379ce394-1f3e-4b15-9e42-a2ea013addfd-o-9</OfferRefID>
          <OwnerCode>JQ</OwnerCode>
          
          <SelectedOfferItem>
            <OfferItemRefID>id-v2-379ce394-1f3e-4b15-9e42-a2ea013addfd-o-9-1</OfferItemRefID>
            <PaxRefID>ADT0</PaxRefID>
          </SelectedOfferItem>
        </SelectedOffer>
        <SelectedOffer>
          <OfferRefID>id-v2-379ce394-1f3e-4b15-9e42-a2ea013addfd-a1fd7ec6-87ed-4b71-9b48-2e68ffb1ddfc</OfferRefID>
          <OwnerCode>JQ</OwnerCode>
          
          <SelectedOfferItem>
            <OfferItemRefID>id-v2-379ce394-1f3e-4b15-9e42-a2ea013addfd-a1fd7ec6-87ed-4b71-9b48-2e68ffb1ddfc-25</OfferItemRefID>
            <PaxRefID>ADT0</PaxRefID>
            <SelectedALaCarteOfferItem>
                <OfferFlightAssociations>
                    <PaxJourneyRef>
                        <PaxJourneyRefID>fl2033916944</PaxJourneyRefID>
                    </PaxJourneyRef>
                </OfferFlightAssociations>
                <Qty>1</Qty>
            </SelectedALaCarteOfferItem>
          </SelectedOfferItem>
          <SelectedOfferItem>
            <OfferItemRefID>id-v2-379ce394-1f3e-4b15-9e42-a2ea013addfd-a1fd7ec6-87ed-4b71-9b48-2e68ffb1ddfc-33</OfferItemRefID>
            <PaxRefID>ADT0</PaxRefID>
            <SelectedALaCarteOfferItem>
                <OfferFlightAssociations>
                    <PaxJourneyRef>
                        <PaxJourneyRefID>fl34748140</PaxJourneyRefID>
                    </PaxJourneyRef>
                </OfferFlightAssociations>
                <Qty>1</Qty>
            </SelectedALaCarteOfferItem>
          </SelectedOfferItem>
        </SelectedOffer>
      </SelectedOfferList>
    </PricedOffer>
  </Request>
</IATA_OfferPriceRQ>