<?xml version="1.0" encoding="UTF-8"?>
<!-- ================================================================================ -->
<!-- NDC ServiceList Request -->
<!-- Generated: 2026-01-10T01:20:37.335Z -->
<!-- Workflow Step: Step 3: Add Extras (Ancillary Services) -->
<!-- ================================================================================ -->
<!--  -->
<!-- SEARCH CRITERIA: -->
<!--   Route: VIZ → SIN -->
<!--   Departure: 2026-01-11 -->
<!--   Return: 2026-01-18 -->
<!--   Passengers: 1 Adult -->
<!--  -->
<!-- OUTBOUND FLIGHT SELECTED: -->
<!--   Route: VIZ → SIN
  Bundle: FLEX 2 (F202)
  OfferID: id-v2-379ce394-1f3e-4b15-9e42-a2ea013addfd-o-7
  BundleID: id-v2-379ce394-1f3e-4b15-9e42-a2ea013addfd-a1fd7ec6-87ed-4b71-9b48-2e68ffb1ddfc-25 -->
<!--  -->
<!-- INBOUND FLIGHT SELECTED: -->
<!--   Route: SIN → VIZ
  Bundle: FLEX 2 (F202)
  OfferID: id-v2-379ce394-1f3e-4b15-9e42-a2ea013addfd-o-9
  BundleID: id-v2-379ce394-1f3e-4b15-9e42-a2ea013addfd-a1fd7ec6-87ed-4b71-9b48-2e68ffb1ddfc-33 -->
<!--  -->
<!-- REFERENCE IDs: -->
<!--   ShoppingResponseID: 379ce394-1f3e-4b15-9e42-a2ea013addfd -->
<!--  -->
<!-- CHANGES SINCE LAST STEP: -->
<!--   • Outbound: FLEX 2 selected -->
<!--   • Inbound: FLEX 2 selected -->
<!--  -->
<!-- ================================================================================ -->

<IATA_ServiceListRQ xmlns="http://www.iata.org/IATA/2015/EASD/00/IATA_OffersAndOrdersMessage">
  
<DistributionChain>
  
    <DistributionChainLink xmlns="http://www.iata.org/IATA/2015/EASD/00/IATA_OffersAndOrdersCommonTypes">
      <Ordinal>1</Ordinal>
      <OrgRole>Seller</OrgRole>
      <ParticipatingOrg>
        <Name>Jetstar Test Agency</Name>
        <OrgID>55778878</OrgID>
      </ParticipatingOrg>
    </DistributionChainLink>
</DistributionChain>
  <PayloadAttributes>
    <VersionNumber xmlns="http://www.iata.org/IATA/2015/EASD/00/IATA_OffersAndOrdersCommonTypes">21.3</VersionNumber>
  </PayloadAttributes>
  <Request>
    <ServiceListCoreRequest xmlns="http://www.iata.org/IATA/2015/EASD/00/IATA_OffersAndOrdersCommonTypes">
      <OfferRequest>
        
      <Offer>
        <OfferID>id-v2-379ce394-1f3e-4b15-9e42-a2ea013addfd-o-7</OfferID>
        
        <OfferItem>
          <OfferItemID>id-v2-379ce394-1f3e-4b15-9e42-a2ea013addfd-o-7-1</OfferItemID>
          <Service>
            <ServiceID>id-v2-379ce394-1f3e-4b15-9e42-a2ea013addfd-o-7-1</ServiceID>
          </Service>
        </OfferItem>
        <OfferItem>
          <OfferItemID>id-v2-379ce394-1f3e-4b15-9e42-a2ea013addfd-a1fd7ec6-87ed-4b71-9b48-2e68ffb1ddfc-25</OfferItemID>
          <Service>
            <ServiceID>id-v2-379ce394-1f3e-4b15-9e42-a2ea013addfd-a1fd7ec6-87ed-4b71-9b48-2e68ffb1ddfc-25</ServiceID>
          </Service>
        </OfferItem>
        <OwnerCode>JQ</OwnerCode>
      </Offer>
      <Offer>
        <OfferID>id-v2-379ce394-1f3e-4b15-9e42-a2ea013addfd-o-9</OfferID>
        
        <OfferItem>
          <OfferItemID>id-v2-379ce394-1f3e-4b15-9e42-a2ea013addfd-o-9-1</OfferItemID>
          <Service>
            <ServiceID>id-v2-379ce394-1f3e-4b15-9e42-a2ea013addfd-o-9-1</ServiceID>
          </Service>
        </OfferItem>
        <OfferItem>
          <OfferItemID>id-v2-379ce394-1f3e-4b15-9e42-a2ea013addfd-a1fd7ec6-87ed-4b71-9b48-2e68ffb1ddfc-33</OfferItemID>
          <Service>
            <ServiceID>id-v2-379ce394-1f3e-4b15-9e42-a2ea013addfd-a1fd7ec6-87ed-4b71-9b48-2e68ffb1ddfc-33</ServiceID>
          </Service>
        </OfferItem>
        <OwnerCode>JQ</OwnerCode>
      </Offer>
      </OfferRequest>
    </ServiceListCoreRequest>
  </Request>
</IATA_ServiceListRQ>