<?xml version="1.0" encoding="UTF-8"?>
<!-- ================================================================================ -->
<!-- NDC OfferPrice (FAILED) Request -->
<!-- Generated: 2026-01-10T01:20:54.185Z -->
<!-- Workflow Step: Price Verification Failed -->
<!-- ================================================================================ -->
<!--  -->
<!-- SEARCH CRITERIA: -->
<!--   Route: VIZ → SIN -->
<!--   Departure: 2026-01-11 -->
<!--   Return: 2026-01-18 -->
<!--   Passengers: 1 Adult -->
<!--  -->
<!-- OUTBOUND FLIGHT SELECTED: -->
<!--   Route: VIZ → SIN
  Bundle: Starter plus (P200)
  OfferID: id-v2-379ce394-1f3e-4b15-9e42-a2ea013addfd-o-7
  BundleID: id-v2-637c3366-a92a-4628-a3c7-c6c30fadc0f5-118 -->
<!--  -->
<!-- INBOUND FLIGHT SELECTED: -->
<!--   Route: SIN → VIZ
  Bundle: Starter plus (P200)
  OfferID: id-v2-379ce394-1f3e-4b15-9e42-a2ea013addfd-o-9
  BundleID: id-v2-637c3366-a92a-4628-a3c7-c6c30fadc0f5-118 -->
<!--  -->
<!-- SERVICES SELECTED: -->
<!--   1. Starter plus -->
<!--      Type: bundle -->
<!--      Quantity: 1 -->
<!--      Price: AUD 154.38 -->
<!--      For Passenger: ADT0 -->
<!--   2. Starter plus -->
<!--      Type: bundle -->
<!--      Quantity: 1 -->
<!--      Price: AUD 154.38 -->
<!--      For Passenger: ADT0 -->
<!--  -->
<!-- REFERENCE IDs: -->
<!--   ShoppingResponseID: 379ce394-1f3e-4b15-9e42-a2ea013addfd -->
<!--  -->
<!-- CHANGES SINCE LAST STEP: -->
<!--   • ERROR: Error encountered selling SSRs for service bundle P200 - for journey 20260111 JQ 612 AVVSYD, 20260112 JQ  39 SYDDPS, 20260112 JQ  43 DPSSIN . -->
<!--   • Services attempted: Starter plus, Starter plus -->
<!--  -->
<!-- ================================================================================ -->

<IATA_OfferPriceRQ xmlns="http://www.iata.org/IATA/2015/EASD/00/IATA_OffersAndOrdersMessage">
  
  <DistributionChain>
    
    <DistributionChainLink xmlns="http://www.iata.org/IATA/2015/EASD/00/IATA_OffersAndOrdersCommonTypes">
      <Ordinal>1</Ordinal>
      <OrgRole>Seller</OrgRole>
      <ParticipatingOrg>
        <n>Jetstar Test Agency</n>
        <OrgID>55778878</OrgID>
      </ParticipatingOrg>
    </DistributionChainLink>
  </DistributionChain>
  <Request>
    <PricedOffer xmlns="http://www.iata.org/IATA/2015/EASD/00/IATA_OffersAndOrdersCommonTypes">
      <SelectedOfferList>
        
        <SelectedOffer>
          <OfferRefID>id-v2-379ce394-1f3e-4b15-9e42-a2ea013addfd-o-7</OfferRefID>
          <OwnerCode>JQ</OwnerCode>
          
          <SelectedOfferItem>
            <OfferItemRefID>id-v2-379ce394-1f3e-4b15-9e42-a2ea013addfd-o-7-1</OfferItemRefID>
            <PaxRefID>ADT0</PaxRefID>
          </SelectedOfferItem>
        </SelectedOffer>
        <SelectedOffer>
          <OfferRefID>id-v2-379ce394-1f3e-4b15-9e42-a2ea013addfd-o-9</OfferRefID>
          <OwnerCode>JQ</OwnerCode>
          
          <SelectedOfferItem>
            <OfferItemRefID>id-v2-379ce394-1f3e-4b15-9e42-a2ea013addfd-o-9-1</OfferItemRefID>
            <PaxRefID>ADT0</PaxRefID>
          </SelectedOfferItem>
        </SelectedOffer>
        <SelectedOffer>
          <OfferRefID>id-v2-637c3366-a92a-4628-a3c7-c6c30fadc0f5</OfferRefID>
          <OwnerCode>JQ</OwnerCode>
          
          <SelectedOfferItem>
            <OfferItemRefID>id-v2-637c3366-a92a-4628-a3c7-c6c30fadc0f5-118</OfferItemRefID>
            <PaxRefID>ADT0</PaxRefID>
            <SelectedALaCarteOfferItem>
                <OfferFlightAssociations>
                    <PaxJourneyRef>
                        <PaxJourneyRefID>fl2033916944</PaxJourneyRefID>
                    </PaxJourneyRef>
                </OfferFlightAssociations>
                <Qty>1</Qty>
            </SelectedALaCarteOfferItem>
          </SelectedOfferItem>
          <SelectedOfferItem>
            <OfferItemRefID>id-v2-637c3366-a92a-4628-a3c7-c6c30fadc0f5-118</OfferItemRefID>
            <PaxRefID>ADT0</PaxRefID>
            <SelectedALaCarteOfferItem>
                <OfferFlightAssociations>
                    <PaxJourneyRef>
                        <PaxJourneyRefID>fl2033916944</PaxJourneyRefID>
                    </PaxJourneyRef>
                </OfferFlightAssociations>
                <Qty>1</Qty>
            </SelectedALaCarteOfferItem>
          </SelectedOfferItem>
        </SelectedOffer>
      </SelectedOfferList>
    </PricedOffer>
  </Request>
</IATA_OfferPriceRQ>