<IATA_OfferPriceRS xmlns:xsi="http://www.w3.org/2001/XMLSchema-instance" xmlns:xsd="http://www.w3.org/2001/XMLSchema" xmlns="http://www.iata.org/IATA/2015/EASD/00/IATA_OffersAndOrdersMessage"><Error><DescText xmlns="http://www.iata.org/IATA/2015/EASD/00/IATA_OffersAndOrdersCommonTypes">Error encountered selling SSRs for service bundle P200 - for journey 20260111 JQ 612 AVVSYD, 20260112 JQ  39 SYDDPS, 20260112 JQ  43 DPSSIN .</DescText><LangCode xmlns="http://www.iata.org/IATA/2015/EASD/00/IATA_OffersAndOrdersCommonTypes">en</LangCode><TypeCode xmlns="http://www.iata.org/IATA/2015/EASD/00/IATA_OffersAndOrdersCommonTypes">OF4053</TypeCode></Error><PayloadAttributes><CorrelationID xmlns="http://www.iata.org/IATA/2015/EASD/00/IATA_OffersAndOrdersCommonTypes">812d33d6-693f-4d27-99b2-c082c4926c60</CorrelationID><Timestamp xmlns="http://www.iata.org/IATA/2015/EASD/00/IATA_OffersAndOrdersCommonTypes">2026-01-10T01:20:52.8193252Z</Timestamp><VersionNumber xmlns="http://www.iata.org/IATA/2015/EASD/00/IATA_OffersAndOrdersCommonTypes">21.3</VersionNumber></PayloadAttributes></IATA_OfferPriceRS>